label,top_left_y,top_left_x,bottom_left_x,bottom_left_y,width,top_right_x,top_right_y,bottom_right_x,bottom_right_y,height
MD_1658320196,1.4705724938205547,29.559605251207067,29.529828274701167,0.7727946020098162,1.0484968345467336,30.607148694314894,1.4258696207997625,30.577371717808994,0.7280917289890241,0.6984129542252718
MD_1658320219,1.1409674081719556,29.57570727551009,29.54694031656463,0.44321395580220674,1.048396622750223,30.623214028753623,1.0977808303581047,30.59444706980816,0.4000273779883558,0.6983462022670942
MD_1658320241,0.8037460980569019,29.59438573272329,29.565036064808396,0.10763181799055599,1.045974383997672,30.639431668250026,0.759684724742455,30.610082000335133,0.06357044467610906,0.6967327277507507
MD_1658320265,0.4710997176697931,29.577679551017628,29.55036779674847,-0.22737380492442305,1.0493890872385452,30.626267314208693,0.430097775016979,30.598955559939537,-0.26837574757723714,0.6990072915831649
MD_1658320292,0.47610349372444183,29.866902819941107,29.82929647731934,-0.22406124264230398,1.0526417827707097,30.918029528431383,0.41964673564276944,30.880423185809615,-0.28051800072397637,0.7011739406573096
MD_1658320315,0.8056727753494988,29.845477221882867,29.806673216283787,0.11113696407645496,1.0443023401580018,30.888153471218654,0.7474180182001278,30.849349465619575,0.05288220692708384,0.6956189646575477
MD_1658320338,1.1421013274795642,29.824417666326717,29.78627063056182,0.44565670651748623,1.047109098131762,30.869959528198176,1.0848328504204519,30.83181249243328,0.3883882294583738,0.6974885708057594
MD_1658320361,1.4727326496720792,29.825852064407407,29.786039659070056,0.7763582039273123,1.0471436322963195,30.87128857529308,1.412964026081456,30.831476169955728,0.7165895803366891,0.6975115743162095
MD_1658320390,1.4707888424619773,30.120038166887888,30.09735359844486,0.7721260887048047,1.0494245660088206,31.16891001455098,1.4367334915958778,31.146225446107955,0.7380707378387052,0.6990309243037834
MD_1658320413,1.1426535689044712,30.133550214875314,30.111245068079945,0.4425140751730907,1.051622074390868,31.18463902770069,1.109167827170215,31.162333880905322,0.4090283334388346,0.7004947039457162
MD_1658320436,0.8069892117810684,30.149210266380404,30.126628215847152,0.10633279595718897,1.0524110227945234,31.201075111744142,0.773087766570971,31.17849306121089,0.07243135074709156,0.7010202294095738
MD_1658320459,0.4736744682544859,30.13940998387971,30.11911053799519,-0.2260617547460545,1.0509253443762914,31.189893383987304,0.4431997976112705,31.169593938102786,-0.2565364253892699,0.7000306059611112
MD_1658320484,0.4822733188026637,30.401506710846842,30.380018777043592,-0.217692145427345,1.051322584207594,31.452334260790135,0.4500144232060734,31.430846326986885,-0.24995104102393534,0.7002952109031337
MD_1658320508,0.8141915905399909,30.384335783299402,30.36124759696434,0.11464016621748874,1.0507777995089544,31.434541753230796,0.779530305778183,31.411453566895734,0.07997888145568088,0.6999323250285588
MD_1658320531,1.1491592674853726,30.369128666771502,30.34637729946944,0.4507438813792354,1.0490566596724904,31.41762915219466,1.115003634412557,31.3948777848926,0.4165882483064197,0.6987858586605041
MD_1658320554,1.4786503769822708,30.37833482538212,30.353986668924993,0.7828963294240647,1.0451445279240832,31.422839959593244,1.4420975541603311,31.398491803136118,0.7463435066021251,0.6961799533285106
MD_1658320580,1.48415942020229,30.63962252326761,30.614441078747998,0.7857601602833917,1.0491575804032298,31.688098799150882,1.4463556184423143,31.66291735463127,0.7479563585234159,0.6988530828460009
MD_1658320604,1.1499543062596205,30.65579973342325,30.631748954204124,0.4515781791070771,1.0490630819003726,31.704241281095722,1.113847922884173,31.680190501876595,0.4154717957316295,0.698790136562926
MD_1658320627,0.8169184314948379,30.672581486740146,30.648321277862603,0.11577943059307089,1.0532192412082482,31.72517081598338,0.7804976405291812,31.700910607105836,0.07935863962741435,0.7015585907964565
MD_1658320649,0.4842156797022888,30.662089327434387,30.640376706314036,-0.21620104284433933,1.0520101173243595,31.713594331760042,0.45161947085955373,31.69188171063969,-0.2487972516870744,0.7007531827532972
MD_1658320675,0.4886005724985021,30.924940455665375,30.903002343456837,-0.21204872706171773,1.052369647288571,31.976794617693596,0.4556658437432245,31.954856505485058,-0.24498345581699532,0.7009926688215085
MD_1658320698,0.8203445437663057,30.907246727759716,30.88318314749146,0.12015768427825285,1.0517805087056926,31.95840664872482,0.7842189427354453,31.934343068456567,0.08403208324739259,0.7006002384349216
MD_1658320721,1.1529880401282724,30.891808893745075,30.868167800549177,0.4547734201672938,1.048799768717213,31.94000797773172,1.1174967004686032,31.916366884535822,0.41928208050762455,0.698614741337993
MD_1658320744,1.4864597570744205,30.90250015899196,30.877392397084737,0.789009848668429,1.0477293018741904,31.949551214953214,1.4487665717991325,31.924443453045992,0.7513166633931408,0.6979016939680801
MD_1658320772,1.4847168289466883,31.17382126451749,31.15469737857408,0.7862213739190105,1.0490136347718026,32.22244195391205,1.456006975049237,32.203318067968645,0.7575115200215593,0.6987571993961129
MD_1658320795,1.1521945684904726,31.184051312614724,31.165637168949136,0.4520237247660186,1.0514993306506666,32.23518718981412,1.1245502196457793,32.21677304614854,0.42437937592132513,0.7004129432618666
MD_1658320818,0.817023541207504,31.19854585165918,31.17987900502188,0.11548429754779427,1.0535629636109114,32.25173604785686,0.788999820439199,32.233069201219564,0.08746057677948943,0.7017875473090256
MD_1658320841,0.48576040076571464,31.18605100680036,31.169522366456746,-0.2146039582018297,1.0517191551062464,32.237477399974,0.46094667562674735,32.22094875963038,-0.239417683340797,0.7005593702632403
MD_1658320870,0.4772278223198872,31.45087742891815,31.449631911371576,-0.22243124253118057,1.0503692302744896,32.50124499486919,0.47535798127948475,32.49999947732261,-0.22430108357158302,0.6996601734715429
MD_1658320893,0.8174236018330565,31.443247590697364,31.44007811037734,0.11746238854460722,1.0508319408953801,32.49406875888794,0.8126653995938221,32.490899278567916,0.11270418630537282,0.6999683890817763
MD_1658320917,1.1536415293993063,31.43887329295964,31.436160766802743,0.4541230344675558,1.0501644298356003,32.489029827436326,1.1495693324677807,32.48631730127943,0.4500508375360302,0.6995237540996969
MD_1658320940,1.4829843521719575,31.46224198893616,31.457878435094106,0.7832667626452452,1.0504758522612156,32.51269741542413,1.4764335395573156,32.508333861582074,0.7767159500306033,0.699731195313747
MD_1658320966,1.483128202243066,31.727257139097883,31.722728181356437,0.7832494449696543,1.0507193791282543,32.77795451967794,1.4763290759854943,32.7734255619365,0.7764503187120825,0.6998934106996573
MD_1658320989,1.1545914008202944,31.72869049771827,31.725185074036354,0.4534442347607219,1.052614742332342,32.78129208495594,1.1493288614988255,32.77778666127403,0.44818169543925296,0.701155928783719
MD_1658321012,0.8167801145531588,31.735941738387197,31.732048874157428,0.11475644950299918,1.053933640331749,32.78985917524014,0.810935927675557,32.78596631101037,0.10891226262539738,0.7020344583297675
MD_1658321035,0.4809804261538127,31.71918256032334,31.717881207289334,-0.2203178619307255,1.0528302727685317,32.77201102045025,0.4790267617371878,32.77070966741625,-0.22227152634735042,0.701299495501047
MD_1658321062,0.471730607304441,31.98380796069697,31.986591381966356,-0.2291231555391961,1.052169411437937,33.03596907451374,0.47590923596890894,33.03875249578312,-0.22494452687472816,0.7008592899620065
MD_1658321086,0.8072688936501868,31.97734821254554,31.97783712944517,0.10676012713944905,1.0516434420472438,33.02899139845048,0.8080028832168404,33.029480315350106,0.10749411670610265,0.7005089371293775
MD_1658321109,1.1429745003596676,31.975867979322206,31.97625394282278,0.4436892720354708,1.049806501422179,33.02567432083906,1.1435539304892988,33.026060284339636,0.44426870216510184,0.6992853348385393
MD_1658321132,1.471473137122,31.998042711622894,31.99693542281174,0.7727438724376439,1.0489730147670504,33.0470144092332,1.4698108128389273,33.04590712042205,0.7710815481545712,0.6987301420540353
MD_1658321160,1.4733465054231192,32.25920530807962,32.24947650769471,0.7768006868877866,1.0457957788788121,33.304899093443595,1.4587410827347222,33.29517029305868,0.7621952641993897,0.6966137573117444
MD_1658321183,1.1405817056350698,32.26788799587467,32.25979069338619,0.4427304561027944,1.047724094411687,33.31554156772275,1.1284255794117835,33.30744426523427,0.43057432987950794,0.6978982252315505
MD_1658321206,0.8076567795983752,32.27680109898292,32.26868460336214,0.10985476154899654,1.0476505250433903,33.32438076175806,0.7954718395646561,33.316264266137274,0.09766982151527737,0.6978492200289026
MD_1658321230,0.47320055956517215,32.257297961047634,32.25189786947191,-0.22814235425277363,1.0529266645360225,33.31019341583714,0.4650936381669504,33.30479332426142,-0.2362492756509954,0.7013637029043296
MD_1658321257,0.4555948330542782,32.52891546145312,32.53252725663683,-0.24311381608828148,1.048954762719357,33.57785620985181,0.46101706326099406,33.581468005035525,-0.23769158588156564,0.698717984204693
MD_1658321281,0.7967138102075557,32.51725882930734,32.518281961873264,0.10024974759042937,1.0455721769876196,33.56282987808556,0.798249794398869,33.563853010651485,0.10178573178174266,0.6964648141273182
MD_1658321327,1.476131284213984,32.51939193922819,32.51639376760767,0.7782537487876203,1.0477027021559375,33.56708497293988,1.4716302602359255,33.564086801319355,0.7737527248095618,0.6978839756620304
MD_1658321353,1.4770575881552148,32.78321866421257,32.77856348789961,0.7770234443317967,1.0509538922412869,33.83414931982687,1.4700689754743383,33.82949414351391,0.7700348316509202,0.7000496219448237
MD_1658321376,1.1299162792683044,32.78137211558393,32.77914417050396,0.42544566565923836,1.0575962227018465,33.838963049331205,1.1265715627223782,33.83673510425124,0.4221009491133123,0.7044741366281756
MD_1658321399,0.8074323904092644,32.78636037349709,32.78363924717674,0.10587675026435411,1.0532227339556053,33.839575185021175,0.8033472824283325,33.83685405870082,0.10179164228342213,0.7015609173461606
MD_1658321450,0.4607731095311978,33.03331897903622,33.037587127270584,-0.24401286524097848,1.0580837734998652,34.09138335071053,0.467180693878022,34.095651498944896,-0.23760528089415428,0.704798898498655
MD_1658321473,0.7949343226640058,33.032244849281724,33.03540104766435,0.09291144804208334,1.0539269014526618,34.08616109949931,0.7996725853112874,34.089317297881934,0.09764971068936507,0.7020299695031956
MD_1658321496,1.1351279835994275,33.03797030766964,33.040528404602206,0.4364585615769748,1.0488888889290244,34.08685216610787,1.1389683426878974,34.089410263040435,0.4402989206654445,0.6986741050941452
MD_1658321520,1.466411136856024,33.05731689235285,33.0591519878485,0.7642269545204852,1.0541620143355568,34.11147530678874,1.4691660854958424,34.11331040228439,0.7669819031603036,0.7021865802603374
MD_1658321547,1.4656675514556183,33.323811228001084,33.320619839004905,0.7612717495429058,1.0574894756065005,34.38128985021929,1.460876458678697,34.37809846122311,0.7564806567659844,0.7044030314500204
MD_1658321570,1.127720108646576,33.32706368275105,33.32521878453381,0.4231424639647834,1.057755240919883,34.38481529756857,1.124950443609385,34.38297039935133,0.4203727989275923,0.7045800600604408
MD_1658321593,0.797101314089347,33.326216465782814,33.32510660408396,0.08860920369263797,1.0636295361107904,34.389844696843205,0.7954351272424545,34.388734835144355,0.08694301684574551,0.7084929797022502
MD_1658321616,0.46292069895469834,33.31235760446643,33.312877025351526,-0.24542494277357485,1.063408629954644,34.37576594851829,0.4637004828211525,34.37628536940339,-0.24464515890712069,0.7083458321706249
MD_1658321642,0.45316980781966426,33.572479098772995,33.57334085913531,-0.25620617665757056,1.0649559383924023,34.63743425134874,0.45446353097664455,34.638296011711056,-0.2549124535005903,0.7093765079166128
MD_1658321665,0.7866003239065189,33.56210012739779,33.561272146370925,0.07841698122218649,1.0631654182334465,34.62526481899047,0.7853573121890529,34.62443683796361,0.07717396950472039,0.7081838267061283
MD_1658321688,1.119173748038293,33.56225221850077,33.56138112356563,0.4146272724193184,1.0577056305028476,34.61995704056694,1.1178660112952228,34.6190859456318,0.41331953567624835,0.7045470141257462
MD_1658321711,1.452915117644953,33.58385508106385,33.581483031215626,0.7475532396952204,1.0589349376263437,34.64278403100096,1.4493540629104924,34.64041198115273,0.7439921849607598,0.7053658664021503
MD_1658321737,1.4477710330325118,33.843545103847845,33.84164070236152,0.7409542545211683,1.0611169800823932,34.90465823239189,1.44491203833885,34.90275383090557,0.7380952598275066,0.7068193440548829
MD_1658321760,1.1131873684512528,33.845939597204264,33.845606450225695,0.4043994696023579,1.064072402870735,34.91001188253646,1.1126872294570458,34.90967873555789,0.4038993306081508,0.7087879771423473
MD_1658321782,0.7769003142807425,33.852659612634135,33.852080717282156,0.06711616249205682,1.065568270719914,34.91822752895006,0.7760312439973114,34.917648633598084,0.06624709220862574,0.7097843878602941
MD_1658321805,0.4476793055630264,33.83588879550461,33.838121453571084,-0.2626110852358242,1.0663331786460153,34.90221670631444,0.45103109750956083,34.904449364380916,-0.25925929328928976,0.7102938997508185
MD_1658321833,0.43893561952850846,34.0969752619634,34.10803684794458,-0.27061787056827047,1.0653510679254625,35.16219689596547,0.4555418949650818,35.173258481946654,-0.25401159513169713,0.7096397071704337
MD_1658321856,0.7644064576657269,34.08858920410472,34.097414326143564,0.05514187439179741,1.0648703324495192,35.153377114924254,0.7776552275607227,35.1622022369631,0.0683906442867932,0.7093194850458722
MD_1658321878,1.1025643568406986,34.088546866094624,34.09695252442452,0.3944980617567802,1.0630638726761856,35.15153583924196,1.1151834042078215,35.15994149757186,0.40711710912390303,0.7081161863181957
MD_1658321901,1.4345586394771404,34.11170533487386,34.117912340364505,0.7276216988594679,1.061334429889307,35.172998857534814,1.443876945458699,35.17920586302546,0.7369400048410266,0.7069641892819151
MD_1658321927,1.4280077758421363,34.369491891117626,34.37537592300857,0.719224135878887,1.0641025568240232,35.433557782771,1.436841215678406,35.43944181466194,0.7280575757151566,0.7088080629555836
MD_1658321950,1.0951459613053678,34.37097396347974,34.37842265032336,0.3844504410135355,1.0669947128123671,35.4379100774857,1.1063283492175857,35.44535876432931,0.3956328289257534,0.7107345534716688
MD_1658321973,0.758867341053294,34.37331658297463,34.3811800520837,0.047457894403081735,1.0680731413924298,35.44132448341056,0.7706724234469349,35.44918795251963,0.05926297679672249,0.7114529042245809
MD_1658321997,0.4266285418598801,34.35724089047549,34.36728300010385,-0.28393492150157784,1.0668443873807896,35.42397875318521,0.44170432201804366,35.434020862813576,-0.26885914134341427,0.710634420380844
MD_1658322022,0.4148972518919098,34.606030962569804,34.61619813774452,-0.2997553949360186,1.072985344733711,35.678907737644394,0.43016078748711334,35.68907491281911,-0.28449185934081506,0.7147249660318276
MD_1658322045,0.7515885086781569,34.60642706661076,34.613812806379215,0.03970727917838046,1.068773684056756,35.67514323401306,0.762676396898389,35.682528973781515,0.05079516739861256,0.7119195418486844
MD_1658322068,1.0880788799574888,34.60688777268242,34.614197910243696,0.37803639812968104,1.0660122270187418,35.67284350859226,1.099053269889304,35.680153646153535,0.38901078806149636,0.7100801110518147
MD_1658322091,1.4175208938481851,34.63108846424004,34.63659522324763,0.7079560063859278,1.0652708231844035,35.69632720860863,1.4257879503985358,35.701833967616224,0.7162230629362785,0.7095862554433349
MD_1658322119,1.4145248870525438,34.90281711054598,34.90139067596889,0.7042818909862718,1.0662589095792914,35.96907386971582,1.412383443183673,35.96764743513873,0.7021404471174011,0.7102444284729005
MD_1658322142,1.080147631183829,34.90790571337223,34.90822353394206,0.36857207874391495,1.068257374349623,35.97616298116833,1.0806247613106468,35.97648080173816,0.36904920887073256,0.7115756234161507
MD_1658322164,0.7449386671480906,34.91063603172774,34.91097340024042,0.03086808360183063,1.072003068561318,35.98263898064455,0.7454451437469123,35.982976349157234,0.03137456020065216,0.7140706632425181
MD_1658322187,0.40838406769216706,34.897100495796096,34.90034302696394,-0.3045401183936124,1.0702929825268765,35.96738240832437,0.4132519379755426,35.97062493949221,-0.29967224811023685,0.712931559909116
MD_1658322213,0.39780055455958724,35.16429638009913,35.16825164792461,-0.3162102831288897,1.0719297013835571,36.236209635171654,0.40373842522723763,36.24016490299714,-0.3102724124612393,0.7140217927207627
MD_1658322236,0.7324771527613441,35.15125933547466,35.15336250428477,0.019993196789911405,1.0696256744235435,36.22088034977851,0.7356345481483756,36.22298351858862,0.02315059217694293,0.7124870601181092
MD_1658322259,1.0699924410391413,35.14924576343858,35.150947402616836,0.35901350864767495,1.0673646452500405,36.21660735163934,1.0725470375441915,36.2183089908176,0.36156810515272514,0.7109809687188555
MD_1658322282,1.4004050270613635,35.16919257557731,35.16881505974777,0.6892320391055369,1.0676530657606502,36.23684549091301,1.3998382790509332,36.23646797508347,0.6886652910951065,0.7111730881552113
MD_1658322310,1.388121723431149,35.44135590997285,35.445981194856515,0.6758791711915169,1.0692811514257015,36.51061451540798,1.395065461416049,36.515239800291646,0.6828229091764169,0.7122575703220572
MD_1658322333,1.054119902312808,35.4432319982522,35.44926260299488,0.34105682217061517,1.0705287115341338,36.513722426355116,1.063173385563428,36.51975303109779,0.350110305421235,0.7130885810721092
MD_1658322356,0.7230716093272207,35.44716564654611,35.453347691785964,0.009521964075393796,1.071261089881373,36.51838653357618,0.7323524435754989,36.52456857881603,0.018802798323671877,0.7135764247243288
MD_1658322379,0.39026021853477927,35.429054002103314,35.43783847439945,-0.32543597651865047,1.0745243386998071,36.50349741050639,0.4034479627481911,36.512281882802526,-0.3122482323052386,0.7157501034351853
MD_1658322405,0.38727186735424757,35.68742502774011,35.6980703464081,-0.32813675991065894,1.074130590556287,36.761436723194336,0.40325321887214816,36.772082041862326,-0.31215540839275835,0.7154878243370749
MD_1658322428,0.7224736474007577,35.67795004704893,35.68633023094306,0.009065180526596883,1.071082830918456,36.748958989152726,0.7350544511111574,36.75733917304685,0.021645984236996596,0.7134576848628376
MD_1658322451,1.0518048840488867,35.67762069101002,35.6858711627188,0.3393390785047977,1.0696654798392224,36.74721445687081,1.0641909565262533,36.755464928579585,0.35172515098216417,0.7125135748552478
MD_1658322474,1.3839690521098018,35.70225801748294,35.7087083682425,0.6719453318601233,1.0689739445055593,36.77118810001858,1.3936526817048644,36.777638450778134,0.6816289614551861,0.7120529370932428
MD_1658322501,1.3681858575574324,35.976921630104336,35.98738864570114,0.6567243780795777,1.0682015985064255,37.0450076451496,1.3838995304697168,37.055474660746405,0.6724380509918622,0.7115384706369161
MD_1658322525,1.0360637508703074,35.97661417511387,35.98862892752792,0.32352996620312524,1.0698478810594054,37.046309995060206,1.0541009734014426,37.05832474747425,0.3415671887342604,0.7126350739107002
MD_1658322548,0.7049926566228869,35.9760439944213,35.988563717318556,-0.007278492121105651,1.0694667077189846,37.04534553053823,0.7237879692638604,37.05786525343548,0.011516820519867799,0.7123811709994241
MD_1658322571,0.37511613794596443,35.95502377350807,35.969388667775114,-0.34219348780826153,1.0770814947364946,37.03188935488533,0.39668152569611015,37.046254249152376,-0.3206281000581158,0.7174534475399579
MD_1658322597,0.37328262363442244,36.213796813185915,36.22691164928816,-0.3435926752998132,1.076393627643956,37.290010358696485,0.3929713537125482,37.30312519479873,-0.3239039452216874,0.7169952532255974
MD_1658322620,0.7047625086028331,36.20655360173579,36.21748325507495,-0.007823811716916318,1.069900516643088,37.27632829116054,0.7211707193318464,37.2872579444997,0.00858439901209701,0.7126701349354795
MD_1658322643,1.037357256448797,36.210690336745664,36.22106762670344,0.32599450892051407,1.0680514192964834,37.27862812983147,1.0529362281818848,37.28900541978924,0.34157348065360194,0.7114384349456073
MD_1658322666,1.366059792042702,36.23785182699355,36.24604996638614,0.6547591978985159,1.067915408049559,37.30569631192107,1.3783673003016788,37.31389445131366,0.6670667061574926,0.7113478366589531
MD_1658322692,1.3613964866813484,36.502276360256005,36.5084322373242,0.6490764954806961,1.0694147931999305,37.57165122141778,1.3706380357975463,37.57780709848598,0.6583180445968939,0.7123465902821294
MD_1658322715,1.0345242577726284,36.49351965358346,36.502699704971505,0.32184816092788304,1.0699982244557127,37.56342912058028,1.0483058675825672,37.572609171968324,0.3356297707378221,0.7127352189679894
MD_1658322738,0.7011491859380252,36.493256779612224,36.50409962865965,-0.015570017783224033,1.0761023291912823,37.5692359862038,0.7174270811788228,37.58007883525123,0.000707877457573669,0.7168012167667455
MD_1658322761,0.3677612813272437,36.471211553544684,36.48489883309978,-0.3505883002555612,1.078622563525425,37.54963837514198,0.3883093957346968,37.563325654697074,-0.3300401858481081,0.7184799670010362
MD_1658322790,0.37160397450087024,36.781556135071696,36.77578823262974,-0.34633753046903715,1.077848976822565,37.85937032909059,0.36294487472934467,37.853602426648635,-0.3549966302405627,0.7179646741010559
MD_1658322813,0.7091932499403326,36.774352483940945,36.7646838863746,-0.005685786659144709,1.0733147961944667,37.847569128082114,0.6946782071114601,37.83790053051577,-0.020200829488017102,0.7149444165445987
MD_1658322836,1.0396055039909116,36.770278972513424,36.75965092929373,0.3267684030070565,1.070270112487651,37.840430147985415,1.0236500873482755,37.82980210476572,0.3108129863644205,0.7129163259750378
MD_1658322859,1.360126710630805,36.80767739196556,36.794652023596655,0.6501740325634899,1.0660002829562916,37.873498309415865,1.3405722945493452,37.86047294104696,0.6306196164820301,0.7100721550068687
MD_1658322886,1.349469067143081,37.08317359313062,37.07592341066874,0.6494783209619851,1.0509218708326602,38.13403909776178,1.3385846851808458,38.126788915299905,0.6385939389997501,0.7000282922031779
MD_1658322909,1.026711880093838,37.085588047841,37.08005952510595,0.3210477510168589,1.0594152179399174,38.14497075418144,1.0184121506109483,38.139442231446395,0.3127480215339694,0.705685785339058
MD_1658322932,0.7106853900522043,37.086559147589384,37.081939402960415,-0.0036502392112663373,1.0724232765735546,38.158959998054016,0.70374996940946,38.15434025342505,-0.010585659854010665,0.7143505674916732
MD_1658322955,0.36047480817083943,37.072325933139766,37.07147699135776,-0.3536079412255305,1.072021970561747,38.14434714611547,0.35920032898805654,38.14349820433347,-0.3548824204083134,0.7140832540310885
MD_1658322982,0.35138063075872855,37.36014491678146,37.36684713347634,-0.35175420163792187,1.0556335365369296,38.415730500593014,0.3614423756712722,38.4224327172879,-0.34169245672537824,0.7031667741283648
MD_1658323006,0.7250960242662701,37.346881353001315,37.3487030001804,0.017173650968293264,1.0627764282388121,38.40965426266347,0.7278307835363791,38.41147590984256,0.019908410238402285,0.7079247170527987
MD_1658323029,1.0170592571108379,37.347101307528675,37.348890160017326,0.3195894215469448,1.0470844156102166,38.394182279260896,1.0197447831459343,38.39597113174955,0.3222749475820412,0.6974721295612824
MD_1658323052,1.347927674417344,37.3503838789454,37.34976376600122,0.6477974785436734,1.0510752666335996,38.401458733303485,1.346996725964713,38.4008386203593,0.6468665300910424,0.7001304704940129
MD_1658323078,1.350349310264437,37.6005556931352,37.59882945183687,0.6512660727147654,1.049506301217023,38.650058794733006,1.3477577796720999,38.64833255343468,0.6486745421224283,0.6990853688441425
MD_1658323100,0.9813505174724225,37.60894961477261,37.60937737700447,0.28139198099733453,1.0508173458340673,38.659766764380315,0.9819926982099473,38.66019452661217,0.2820341617348593,0.6999586671831945
MD_1658323124,0.6795034582356997,37.61504768054824,37.6157312864255,-0.021945909221920745,1.0530557690653208,38.66810294953298,0.6805297258529479,38.66878655541024,-0.020919641604672523,0.7014497005656865
MD_1658323147,0.3584253727077029,37.606829446925786,37.609594578985316,-0.34247073024945174,1.0522328656198512,38.659054124103925,0.362576544580998,38.661819256163454,-0.3383195583761567,0.7009015573501268
MD_1658323175,0.36905739251752595,37.884100328321225,37.874528687548725,-0.33648595877589954,1.059298854112897,38.943301716255455,0.35468790668444056,38.933730075482956,-0.35085544460898493,0.705608274371436
MD_1658323197,0.6959976580050189,37.862904952619616,37.85136533199733,-0.01026605727997748,1.0604243570139174,38.92318779152109,0.6786737300607522,38.9116481708988,-0.027589985224244218,0.7063579817431617
MD_1658323220,1.0469041279922509,37.85866978112347,37.84538269912494,0.34621208969191314,1.052107435292641,38.910588104953746,1.0269568126803958,38.89730102295522,0.32626477438005813,0.7008180071070645
MD_1658323243,1.4654020042795692,37.85181538183338,37.82761478961375,0.7606583132410811,1.0586245095416111,38.90981627478689,1.4290707131960725,38.885615682567256,0.7243270221575844,0.705159087527299
MD_1658323272,1.4617579251127741,38.13511703049921,38.1268897286002,0.7558135068655203,1.0598754627071743,39.19492052271713,1.4494066364578517,39.18669322081812,0.7434622182105979,0.7059923584225194
MD_1658323295,1.129538156180622,38.14804132214489,38.14160461987878,0.43198924289715773,1.0472442704998213,39.19524100980034,1.1198750164720779,39.18880430753423,0.4223261031886136,0.6975786103078307
MD_1658323318,0.7832911057828889,38.159662393228885,38.15334372833187,0.08639649998290871,1.0462604075058817,39.205879797664785,0.7738051704161395,39.19956113276777,0.07691056461615936,0.6969232505227463
MD_1658323341,0.46637188310940675,38.151461922868656,38.14752486748438,-0.23347772156346142,1.0506702399818286,39.20211553792403,0.460461353983517,39.19817848253975,-0.23938825068935116,0.6998606786824565
MD_1658323369,0.46411040607751225,38.41153518247467,38.41409784975979,-0.2362987659024866,1.0515007070994755,39.46302885146475,0.4679576264364486,39.46559151874987,-0.23245154554355024,0.7004138601265125
MD_1658323392,0.7767189639422407,38.40506330757487,38.40565293869743,0.07990916180839636,1.0460904669162328,39.4511533999743,0.7776041513686917,39.45174303109686,0.0807943492348473,0.6968100516027793
MD_1658323415,1.119287747820356,38.39155387982257,38.39151209393474,0.4166843449262458,1.0547877737981488,39.44634165175531,1.119225016493782,39.44629986586749,0.4166216135996719,0.7026034041366749
MD_1658323438,1.4541499761858847,38.41063879714682,38.408747256476715,0.7482817754820827,1.05969287495188,39.47032786729888,1.4513102888733587,39.468436326628776,0.7454420881695566,0.7058707351143902
MD_1658323466,1.446011231277087,38.67998426279761,38.682322367275084,0.7396482018923847,1.060437744113666,39.7404161976151,1.449521325310479,39.74275430209257,0.7431582959257768,0.7063668990079316
MD_1658323489,1.1193254331877425,38.688325086874,38.69225166423457,0.4174064631817502,1.0537767505629196,39.74208534963426,1.1252202321147238,39.746011926994825,0.4233012621087315,0.7019299526762209
MD_1658323511,0.782942529704528,38.69017877703241,38.69457647918712,0.08026887864459314,1.0549138918729444,39.745072009465346,0.7895446076880488,39.74946971162006,0.0868709566281139,0.7026874124944467
MD_1658323534,0.45724415642077215,38.6824239493265,38.68618714457169,-0.2456693714476676,1.0552684718375582,39.73767729832497,0.4628936769207784,39.74144049357016,-0.24001985094766137,0.7029236013244321
MD_1658323560,0.45285424402832075,38.94234686318784,38.942690381790804,-0.25179188548579834,1.0578545538077229,40.00020129129006,0.4533699534888137,40.00054480989303,-0.2512761760253054,0.7046462132476548
MD_1658323583,0.7649422474108922,38.92596479603312,38.927288897155236,0.07179994602747947,1.0405861325083081,39.9665490298939,0.7669300625376911,39.96787313101601,0.07378776115427838,0.6931435660892161
MD_1658323606,1.0882222610920615,38.9246031165623,38.925521564784,0.3932395667463474,1.0433480464430396,39.96795025191799,1.089601087254037,39.96886870013969,0.3946183929083229,0.6949833012290038
MD_1658323630,1.4386293862331998,38.93887048772604,38.937563464762135,0.7370261464844545,1.0532880984047777,39.99215675845437,1.4366672097986903,39.990849735490464,0.7350639700499452,0.7016044571800861
MD_1658323655,1.4324756884652843,39.19394062669479,39.19155093947341,0.7278034256707444,1.0578997438637257,40.2518342875484,1.4288881555135917,40.24944460032702,0.7242158927190518,0.7046763147410257
MD_1658323679,1.099377453911427,39.20061225537467,39.20020285772024,0.39318130387723155,1.0601815842960784,40.260793661518974,1.098762843111122,40.260384263864545,0.39256669307692665,0.7061962687026598
MD_1658323702,0.7577168573441384,39.21312158369664,39.21347250405133,0.06049681065667384,1.0467061071906474,40.259827558309105,0.7582436787308979,40.260178478663796,0.06102363204343325,0.6972201349989584
MD_1658323725,0.44255164061906377,39.20390565536018,39.20413016875607,-0.25854590788366855,1.0525271525361264,40.25643275392898,0.44288869276490256,40.256657267324876,-0.25820885573782976,0.7010975844508424
MD_1658323753,0.43090166294500387,39.459864311391684,39.46771352911582,-0.2807484897508825,1.068434244611991,40.528233573290656,0.4426853503574967,40.53608279101479,-0.2689648023383897,0.7116934382520042
MD_1658323776,0.7483018243463333,39.45699510810865,39.4650382941594,0.04676500176888021,1.0532557790995707,40.51018166964138,0.7603767079275479,40.51822485569213,0.05883988535009477,0.7015829290069107
MD_1658323799,1.0834757812050462,39.438577554773765,39.44570682175353,0.3729600730239189,1.0667198644677895,40.50524372471905,1.0941786380402587,40.51237299169882,0.3836629298591315,0.7105514745743602
MD_1658323822,1.4190651289216922,39.46494529281173,39.47042806269602,0.7074891146142844,1.068289671242623,40.533203253989306,1.427296171650005,40.5386860238736,0.7157201573425972,0.7115971366603582
MD_1658323848,1.409060517267835,39.72860257683087,39.73358724085055,0.6996718128970943,1.0650005393890576,40.793576825226644,1.4165437754380807,40.79856148924632,0.7071550710673402,0.7094062170323764
MD_1658323871,1.0764201752162494,39.72690082155276,39.7335231566983,0.3630948035796698,1.0709303425632488,40.79778501640918,1.0863619974510688,40.804407351554715,0.3730366258144891,0.7133561110295784
MD_1658323895,0.7393430529792373,39.73281008368315,39.7401915288678,0.0263500331343563,1.0704426098505262,40.80319533332465,0.7504244939285529,40.8105767785093,0.03743147408367192,0.7130312279841162
MD_1658323918,0.42255037572301496,39.7237361947579,39.730576829239084,-0.2911416437846042,1.071483842197472,40.79517082203378,0.43281992120669893,40.80201145651497,-0.28087209830092025,0.7137248019993203
MD_1658323943,0.41007342259321944,39.98270185801897,39.98870891091725,-0.3047884525768766,1.0732287698570784,41.05589273845649,0.4190915484895149,41.061899791354776,-0.2957703266805811,0.7148871136453844
MD_1658323967,0.734018158729481,39.96508769615509,39.97145396689512,0.03207309935224034,1.0538427690030243,41.0188871257478,0.7435755626670942,41.025253396487834,0.041630503289853626,0.7019739281392531
MD_1658323990,1.0627077732029382,39.96281636891541,39.969249479937965,0.3493454911115444,1.070983152877907,41.03375597582397,1.0723655215345271,41.040189086846524,0.35900323944313334,0.7133912884441957
MD_1658324013,1.3981671548754164,39.99155507204266,39.99561573194997,0.6866554954057639,1.068178743397048,41.05971642011582,1.4042632460679267,41.06377708002313,0.6927515865982742,0.7115232466477408
MD_1658324041,1.4053419586693359,40.27260926076196,40.25873973598118,0.6940836503154191,1.0679839953293098,41.34039026388122,1.384520247472061,41.32652073910044,0.6732619391181442,0.7113935232486449
MD_1658324064,1.0677794484399055,40.28506027497799,40.2734210936484,0.35435077503145573,1.0711818020295643,41.35609955226831,1.0503060543584382,41.34446037093873,0.3368773809499883,0.7135236103895675
MD_1658324087,0.7400127653900102,40.25423174674331,40.24064236563209,0.03753312124111541,1.0547992886721225,41.308833725082415,0.7196116216363665,41.2952443439712,0.01713197748747175,0.7026110742954054
MD_1658324110,0.40704287652858767,40.279073755907575,40.26706102275464,-0.3113280266503691,1.0786096058030459,41.35753258668503,0.3890086854258788,41.345519853532096,-0.329362217753078,0.718471335748305
MD_1658324138,0.45160982212166206,40.530777353847725,40.53713896692246,-0.26942960635590324,1.0825071011847767,41.61324232499181,0.46116023370998876,41.61960393806655,-0.25987919476757654,0.7210674916678512
MD_1658324162,0.8179798839450682,40.52036332304948,40.520555381433994,0.11032795284192476,1.0623669457449736,41.58273022966789,0.8182682128012169,41.5829222880524,0.11061628169807347,0.7076519571656896
MD_1658324185,1.169120918797172,40.51937275621371,40.518545973876606,0.4547222705320192,1.0724961763715704,41.59186821435046,1.1678797066202344,41.591041432013355,0.45348105835508146,0.7143991266876736
MD_1658324208,1.50651301785356,40.537729707492886,40.534792305645595,0.791651576396978,1.0731992893154099,41.610919936815264,1.5021032248793,41.607982534967974,0.7872417834227181,0.714867476397545
MD_1658324234,1.4986465911390077,40.81089146106001,40.80532022472851,0.7816117745542717,1.076485514741659,41.88734448344538,1.4902827376011447,41.881773247113884,0.7732479210164087,0.7170564600287536
MD_1658324257,1.1578090113287942,40.821053532044466,40.81727284857871,0.4415486219392643,1.0753053879940688,41.89634394073855,1.1521332365278252,41.89256325727279,0.43587284713829527,0.7162703672328692
MD_1658324280,0.8281678089967326,40.822345103484345,40.81999612241392,0.10859432114489503,1.0802699743963273,41.90260932205589,0.8246413864098514,41.90026034098546,0.10506789855801385,0.7195773218573025
MD_1658324304,0.48455541230170673,40.8295548997308,40.82946145157374,-0.22436784854010305,1.0642755076206063,41.89383039810513,0.48441512266893727,41.89373694994807,-0.22450813817287252,0.708923267000839
MD_1658324330,0.47903822482889014,41.095682338417994,41.09478449607678,-0.22864837226495327,1.0624198041896407,42.1581012875727,0.47769033337442524,42.15720344523148,-0.22999626371941817,0.7076871666401289
MD_1658324353,0.8216891233205941,41.06801743437804,41.064724913099546,0.10525557905348565,1.0755617165927853,42.14356779291975,0.8167462050695906,42.14027527164125,0.10031266080248219,0.716441109964734
MD_1658324376,1.1565557247071532,41.06438738776711,41.06015774217138,0.44219798962965295,1.0724528350259253,42.13682142472391,1.1502059426884297,42.13259177912818,0.43584820761092957,0.7143702566365159
MD_1658324399,1.491231854641231,41.08139415490803,41.07495818431657,0.7763360453774324,1.0732853154090816,42.154635979116875,1.481569813363856,42.148200008525414,0.7666740041000573,0.7149247791344175
MD_1658324426,1.4780965769691377,41.36502952556838,41.36670200686548,0.763891827973697,1.0722073054825627,42.43723389120852,1.4806074000219416,42.43890637250562,0.766402651026501,0.7142067072503095
MD_1658324449,1.1339641235059887,41.37277485759163,41.37597852058879,0.4280501076444968,1.059768763955337,42.43253270803696,1.1387736427039812,42.43573637103412,0.432859626842489,0.7059212854464003
MD_1658324472,0.8028240369060851,41.371743967747626,41.37536042940282,0.09323377035654751,1.0652906799763797,42.43702081263041,0.8082532726824068,42.4406372742856,0.0986630061328691,0.7095994822269441
MD_1658324496,0.46693158013624214,41.37628361465257,41.3806325513442,-0.2423729477043387,1.0648678927868318,42.44113149250369,0.4734604486619951,42.44548042919532,-0.23584407917858574,0.7093178599651198
MD_1658324546,0.8028461918168419,41.61944915678221,41.625494238253715,0.0975534274937408,1.0588640839077659,42.6782743494532,0.8119214083475483,42.6843194309247,0.1066286440244471,0.7053186701176416
MD_1658324569,1.1269684199406813,41.61635998423069,41.62237603967114,0.4238351991753518,1.0556218012988172,42.671943148570605,1.1360000609599457,42.67795920401105,0.43286684019461613,0.7031589571831451
MD_1658324592,1.4678338543952218,41.63702904934423,41.64125167828189,0.7598656353181202,1.0628606407682306,42.69987078527028,1.4741731026119331,42.70409341420794,0.7662048835348317,0.7079808117585871
MD_1658324618,1.4583362123347168,41.89903669938553,41.90290098632765,0.7517806999386587,1.0607367651962558,42.95975760053288,1.464137497379736,42.963621887475,0.757581984983678,0.7065660795784264
MD_1658324641,1.1238114314216536,41.90490817719538,41.91031238930838,0.4178806850931709,1.059814021421817,42.96469114435937,1.1319245388023575,42.97009535647237,0.4259937924738748,0.7059514318424823
MD_1658324664,0.7876555485055573,41.90631540190693,41.91200558091373,0.08137373391108482,1.0603444211546613,42.96662541251044,0.7961979654818477,42.97231559151724,0.08991615088737526,0.706304735764946
MD_1658324686,0.4615415546244188,41.903857189152205,41.90913154561636,-0.2537061042437274,1.0737992351648569,42.97762722978969,0.4694597153966146,42.982901586253845,-0.24578794347153166,0.7152671055993524
MD_1658324714,0.4449173320727301,42.172338144794494,42.182199804479254,-0.268856232397784,1.0716593160864438,43.243895191958146,0.45972221061956964,43.253756851642905,-0.25405135385094446,0.7138416866985852
MD_1658324737,0.7742160636261612,42.14545727181646,42.155462801887246,0.06275577691131645,1.0681898411792055,43.213541496218774,0.7892369284937268,43.22354702628956,0.07777664177888205,0.7115306389779477
MD_1658324759,1.110641411174398,42.14582890854597,42.155781908693186,0.40038078251119147,1.066387917469387,43.21211213876272,1.1255834151642428,43.22206513890993,0.41532278650103627,0.7103303617620352
MD_1658324782,1.4421658489692044,42.1714665152827,42.17989312681993,0.7360807042441184,1.0600902433082402,43.23148127400943,1.4548163524704423,43.23990788554666,0.7487312077453563,0.706135425668083
MD_1658324808,1.4325293299370332,42.42842553778504,42.43638633014283,0.7222889759523601,1.0663197686116572,43.49467833051329,1.4444805194691472,43.50263912287108,0.7342401654844741,0.710284967209104
MD_1658324832,1.0957119687274623,42.42957627091754,42.43878220888426,0.3849583527945104,1.0671128305764601,43.49659960136965,1.1095324409262417,43.50580553933637,0.39877882499328965,0.710813232752186
MD_1658324855,0.7614647837143353,42.4376583382014,42.44651399410443,0.055525753958882484,1.0598787865773462,43.49745374091216,0.7747593927647337,43.50630939681518,0.06882036300928085,0.7059945724816467
MD_1658324877,0.431636516167696,42.41471277190903,42.426860948180774,-0.2729858004979174,1.0579758810158435,43.472531450822856,0.4498740421032951,43.4846796270946,-0.25474827456231824,0.7047270303670389
MD_1658324903,0.4213485023404615,42.67160290723432,42.6825938098388,-0.28235331892425797,1.0565656270316193,43.72803968664555,0.4378486639137581,43.73903058925003,-0.2658531573509614,0.703787647796794
MD_1658324926,0.7490513850078353,42.67359106129592,42.681817622531355,0.04636689654112275,1.0549817934961507,43.72850056345386,0.7614015617368977,43.736727124689295,0.058717073270185216,0.7027326423622896
MD_1658324949,1.0855927436546793,42.67080132567115,42.679170978200666,0.37740194215133444,1.0632501353953734,43.733977214862726,1.098157737087812,43.74234686739224,0.3899669355844671,0.7082402575520645
MD_1658324972,1.4188780804393883,42.693037091547566,42.699870611686144,0.7097494101694715,1.0646332992098375,43.7576209621161,1.4291369454715481,43.76445448225468,0.7200082752016312,0.7091615951222013
MD_1658324998,1.404185157859739,42.957572616198156,42.9633337611552,0.6957012526140287,1.063651077593343,44.02118852922406,1.4128341129145967,44.026949674181104,0.7043502076688863,0.7085073286730553
MD_1658325021,1.0674311883609113,42.958877634242384,42.965744457958785,0.35882311926217836,1.06385226304858,44.02267994903257,1.077740050598472,44.02954677274897,0.3691319814997389,0.708641340072527
MD_1658325044,0.7399920946181326,42.96183585511513,42.96856332331975,0.03135429763541048,1.0638948835236477,44.02568279907789,0.7500917485182792,44.03241026728251,0.04145395153555692,0.7086697299454591
MD_1658325067,0.40691574580831846,42.938234797303004,42.94735931463353,-0.296175048465267,1.0556083535334606,43.993754268605684,0.420613984765587,44.00287878593621,-0.28247680950799847,0.7031499995084808
MD_1658325093,0.39877957538587105,43.18919781073147,43.199244319435586,-0.3087012210623763,1.0622170721726862,44.251307800374256,0.41386195968412864,44.26135430907837,-0.2936188367641187,0.7075521250623082
MD_1658325116,0.7258682876046434,43.19305449380937,43.2008256556228,0.02453003210468696,1.0529530946944539,44.24594295526973,0.7375347930908785,44.25371411708316,0.03619653759092212,0.7013813082650924
MD_1658325138,1.0610942666574024,43.19324537091536,43.201236180447765,0.35858205001432614,1.0547191022037903,44.247896248915964,1.0730905196614513,44.255887058448366,0.3705783030183752,0.7025576613842821
MD_1658325161,1.3892025600305762,43.21465372981204,43.220463509591305,0.6872343462217391,1.053870283022569,44.268487920140636,1.3979245284177866,44.2742976999199,0.6959563146089494,0.7019922554694267
MD_1658325190,1.4499494076719774,43.48978121090356,43.46097257510382,0.7469211130528799,1.0563114015884036,44.54520685420736,1.406700262218846,44.516398218407616,0.7036719675997485,0.7036183059952881
MD_1658325213,1.1168235063549117,43.51051500696059,43.48296820324386,0.4101150586630508,1.061756175360455,44.571465503181415,1.0754686942424823,44.54391869946468,0.3687602465506214,0.70724511764596
MD_1658325236,0.7839968867076595,43.529150812582515,43.50151315888123,0.08126828706532652,1.055791314001089,44.58412653691993,0.742505685485258,44.55648888321865,0.03977708584292494,0.7032718710835706
MD_1658325258,0.44829135051410823,43.524995946434515,43.50058218170275,-0.25386090531202515,1.054747473451255,44.57910643099762,0.4116400328577497,44.55469266626585,-0.2905122229683837,0.7025765597215053
MD_1658325286,0.4351098633552788,43.79040700599293,43.77129308120012,-0.26739659478163,1.0550325288390108,44.84504923899997,0.4064149636977278,44.82593531420716,-0.29609149443918104,0.7027664376199604
MD_1658325309,0.7644116061628431,43.77739246966528,43.75539796167049,0.06369473952581128,1.052473685894605,44.82934806719198,0.7313922128792013,44.80735355919719,0.0306753462421695,0.7010619698511344
MD_1658325331,1.100188696727293,43.76218254899609,43.74044987936102,0.3984164341684056,1.0540450862813013,44.815722566279845,1.0675623899259141,44.79398989664478,0.3657901273670267,0.7021086934559966
MD_1658325354,1.4269621652543953,43.76691726311537,43.74387956116308,0.7231264692159671,1.057203628347306,44.82355502287155,1.3923766704893432,44.80051732091926,0.688540974450915,0.7042126260790424
MD_1658325382,1.4213672384587404,44.04020150899353,44.02163312730544,0.7143665714770483,1.061755189880625,45.101590701258765,1.3934913388139285,45.083022319570674,0.6864906718322367,0.7072444612091862
MD_1658325405,1.096025680234834,44.05249282931061,44.03473016852303,0.3909146439320415,1.0588881984726042,45.111045201649596,1.0693593741529874,45.09328254086202,0.3642483378501948,0.7053347330411657
MD_1658325427,0.767105352849154,44.06805161568471,44.04999197665846,0.058547352107442385,1.064072608783653,45.131778765039414,0.7399932063210475,45.113719126013166,0.03143520557933582,0.7087881143027513
MD_1658325450,0.4334103172021848,44.05516094637252,44.04054754120098,-0.2718153960655433,1.0589518075205762,45.113885478225455,0.41147185089566485,45.09927207305392,-0.29375386237206325,0.7053771035869277
MD_1658325478,0.4268338497175424,44.321635114151746,44.316247875777776,-0.2774662204565787,1.0573658352860633,45.37897001849606,0.4187462242691867,45.37358278012209,-0.28555384590493443,0.7043206735461979
MD_1658325501,0.7627037765897113,44.31356922082111,44.30504810592039,0.05550505609040712,1.0617635869335424,45.37525574217371,0.7499113993204136,45.36673462727299,0.04271267882110941,0.7072500545599161
MD_1658325524,1.093993606268165,44.31322529034006,44.30502309609441,0.39153782853489466,1.0546380358636789,45.367791439072796,1.0816800106355597,45.35958924482715,0.3792242329022895,0.7025036623828356
MD_1658325547,1.425017222791505,44.31930843857489,44.3090332524753,0.7173296759155599,1.0625323548485948,45.38172881359594,1.409591535116872,45.37145362749635,0.7019039882409268,0.707762137622997
MD_1658325963,1.4593277202731145,-0.6070362256390176,-0.6022495445628888,0.7619675807917139,1.0469409519866455,0.4398800641603213,1.4665137553057448,0.4446667452364501,0.7691536158243442,0.6973765671810626
MD_1658325986,1.1285416996354138,-0.6052512220781469,-0.5992916321239007,0.4293469462201336,1.0497086441523769,0.4444192934133858,1.137488571488836,0.450378883367632,0.43829381807355583,0.6992201512512903
MD_1658326009,0.7991354734841793,-0.6067047726035794,-0.6010799144614635,0.09745360508768625,1.0534381579659855,0.4466995398760806,0.8075798271020544,0.45232439801819646,0.10589795870556135,0.7017044131723217
MD_1658326032,0.4687375265101806,-0.6315460343482471,-0.6226755883487256,-0.23460549373487632,1.0559820985093202,0.4243520927784401,0.4820543392858439,0.4332225387779616,-0.221288680959213,0.7033989543208526
MD_1658326058,0.4547449942082894,-0.3673172289998574,-0.35799195173865117,-0.2411112493638956,1.0447523580195093,0.6773413276191893,0.46874462527253735,0.6866666048803955,-0.22711161829964766,0.6959187255092296
MD_1658326082,0.788488504642429,-0.3711957895709247,-0.363881071919118,0.08850649347832124,1.0509097659394842,0.6796566015611215,0.7994697704639226,0.6869713192129282,0.09948775929981485,0.7000202290274723
MD_1658326105,1.1199642977049948,-0.36798781582657225,-0.3600638993768811,0.4259258668885338,1.0419974596129855,0.673941737974522,1.1318601270484383,0.6818656544242131,0.43782169623197714,0.6940836634744239
MD_1658326128,1.448721920316483,-0.34645808246775245,-0.3402353926062359,0.7525828093093918,1.0451249650518684,0.6986251306647523,1.4580637725583325,0.7048478205262688,0.7619246615512414,0.6961669223274369
MD_1658326154,1.439683229267424,-0.08781903957127069,-0.08211516692163168,0.7464503873975028,1.0407553855250051,0.9529011187635984,1.4482462039110402,0.9586049914132374,0.755013362041119,0.6932563070107984
MD_1658326177,1.1104280742169514,-0.08612160224979737,-0.07954634680124528,0.41598167745617215,1.04258874586797,0.9564204129878046,1.120299217760946,0.9629956684363566,0.4258528210001669,0.6944775244442712
MD_1658326200,0.7753710113377681,-0.0849579921611816,-0.07857666416616316,0.0748231230614616,1.051745549200875,0.9667439255400574,0.7849510200740082,0.9731252535350758,0.0844031317977017,0.7005769516015871
MD_1658326222,0.44718054425558523,-0.10831216017134404,-0.09893587367294276,-0.24949413523849567,1.0459819576406162,0.937575078516378,0.46125675325758225,0.9469513650147793,-0.23541792623649865,0.6967377726208623
MD_1658326250,0.43601316749410635,0.14756287457146844,0.16507511577784417,-0.26369583380565054,1.0507714780237525,1.198005407929772,0.4623035296066931,1.2155176491361477,-0.2374054716930638,0.6999281142317213
MD_1658326273,0.765797014635663,0.1533977990823261,0.168812576803965,0.06935945333131055,1.0457873366450159,1.1989290625982822,0.7889385465167665,1.2143438403199212,0.09250098521241412,0.696608133865634
MD_1658326296,1.0952882981269811,0.15341904684380048,0.16897279557493594,0.40439344700168833,1.0374730366571163,1.190629281887425,1.118638461109025,1.2061830306185604,0.4277436099837322,0.6910699055891754
MD_1658326319,1.424508024610556,0.18216077673837283,0.19617933114586683,0.7327723088167166,1.0386858175320752,1.2206333651474657,1.4455534674710526,1.2346519195549597,0.7538177516772133,0.6918777495862192
MD_1658326346,1.4228829632499733,0.4453903715818128,0.4514384379020011,0.7311716804968411,1.0384756021446748,1.4838262797350705,1.4319626608035223,1.4898743460552588,0.7402513780503901,0.6917377232695908
MD_1658326369,1.0947461050746468,0.4386165900208686,0.44578300302526686,0.3961380934368614,1.048844845944462,1.4874062557333732,1.1055047276126566,1.4945726687377712,0.40689671597487126,0.6986447676751395
MD_1658326392,0.7668144931610557,0.44544197951530706,0.45245318375289423,0.06874789220551375,1.0480297264953338,1.4934188490402727,0.7773401075629611,1.5004300532778598,0.07927350660741911,0.6981018094479379
MD_1658326416,0.4349470139747002,0.419487945858401,0.4290615326591133,-0.26632074370493014,1.0528807264104374,1.4722705720231728,0.44931942129486485,1.4818441588238849,-0.2519483363847655,0.7013331031152369
MD_1658326988,1.4679810725685063,0.4008587891926565,0.3832532915511133,0.7752062782178735,1.0403682950581943,1.440891300812011,1.4415507086468429,1.4232858031704678,0.74877591429621,0.6929984626496424
MD_1658327011,1.1441412603614505,0.40627815632343367,0.3891606971709385,0.4447581321504329,1.0502677438236263,1.4562314706603254,1.1184435672870388,1.4391140115078302,0.4190604390760212,0.6995925724549009
MD_1658327034,0.8042236071500242,0.4205387393535214,0.4028781048949146,0.10319292148563003,1.0527606319277187,1.472965459666274,0.7777104687354071,1.4553048252076672,0.07667978307101292,0.7012531071250745
MD_1658327057,0.48148579324286933,0.40921526318731405,0.39588802012136415,-0.22099781842046906,1.0547977057537863,1.463823197782401,0.46147818587627365,1.450495954716451,-0.24100542578706474,0.7026100198995933
MD_1658327085,0.477620572999062,0.6821060577610264,0.6621814182328009,-0.22469264861496585,1.0547763519895894,1.7364581932242968,0.44770858275254255,1.7165335536960713,-0.2546046388614853,0.7025957959696345
MD_1658327108,0.8067875900927198,0.6658516220211937,0.6435079752334453,0.10948354906539226,1.047369349991525,1.7126836936639784,0.7732440500030722,1.69034004687623,0.0759400089757446,0.6976619268562795
MD_1658327131,1.1402866877491273,0.6478218412312073,0.6262220717003015,0.44040955649475283,1.051195201948058,1.6985167807399733,1.1078598980639107,1.6769170112090674,0.4079827668095361,0.7002103604607984
MD_1658327155,1.4695815477174676,0.6586598971591688,0.635633832343935,0.7710551880461491,1.049236676762681,1.7073269823441257,1.4350135232775123,1.6843009175288919,0.7364871636061938,0.6989057696260202
MD_1658327183,1.4670038888970924,0.9443531053920722,0.9385117802709184,0.7670037340908173,1.0509162176612352,1.9952327347808898,1.4582345628672195,1.989391409659736,0.7582344080609444,0.7000245265760194
MD_1658327206,1.133756755173003,0.9524033940732869,0.9474586478023351,0.4312944565802486,1.0546020649083683,2.0069793322872838,1.1263334237737728,2.002034586016332,0.4238711251810184,0.7024797018134403
MD_1658327229,0.8061281540013403,0.9644648423001384,0.9590830264909848,0.10426827174544151,1.0537025329302014,2.018136399204409,0.7980486692124727,2.012754583395255,0.09618878695657396,0.7018805156589458
MD_1658327253,0.4725192162372402,0.9487444296789346,0.9472186532507473,-0.22833541947133856,1.052164917531654,2.0009068538896777,0.47022863479040106,1.9993810774614902,-0.2306260009181777,0.7008562965315454
MD_1658327279,0.4730174651466359,1.2143478647031856,1.2104877909472456,-0.2281238161608785,1.0526087044257095,2.2669406174198685,0.46722250517383657,2.2630805436639285,-0.23391877613367784,0.7011519068810584
MD_1658327302,0.803532111613796,1.20220570279548,1.1964313164443758,0.1044222523931655,1.0495788676027926,2.2517487703440393,0.7948632778329298,2.2459743839929356,0.09575341861229925,0.6991337059513163
MD_1658327325,1.1340966695464851,1.1960560645118254,1.1908111731411615,0.43790370397814243,1.0451937220092407,2.2412201271426917,1.1262227434309784,2.2359752357720275,0.4300297778626356,0.6962127219408834
MD_1658327348,1.4662240117973624,1.2064087001224721,1.2001214390491306,0.7669021091825499,1.0499038279408692,2.2562700991484785,1.4567852216181623,2.249982838075137,0.7574633190033497,0.6993501648878091
MD_1658327376,1.4583668665642602,1.4881381656125086,1.4948602370767101,0.7561313614981838,1.0542837620321102,2.5423736286199974,1.46845841857396,2.549095700084199,0.7662229135078835,0.7022676774707612
MD_1658327400,1.1224394681919176,1.494029920995078,1.5014561211067983,0.42472860356086184,1.0475021475873991,2.541472739128384,1.1335880977566233,2.5488989392401047,0.43587723312556736,0.697750384501732
MD_1658327423,0.7895523115213363,1.4987559749759192,1.505671416183561,0.0910612505238409,1.0486654845469188,2.5473700678050735,0.7999341610730097,2.5542855090127152,0.10144310007551433,0.6985252934722572
MD_1658327446,0.46534078481004093,1.4789084187852737,1.4890857809219016,-0.23755752345330516,1.0553411068153715,2.5341389192560007,0.48061961364580763,2.5443162813926286,-0.22227869461753846,0.7029719841213689
MD_1658327474,0.45744819737717957,1.7348158834180318,1.7524230708076782,-0.2461319448651026,1.0565847996896032,2.791069991432513,0.4838810980437973,2.8086771788221596,-0.21969904419848485,0.7038004188727399
MD_1658327497,0.7833384596580792,1.7359225389289015,1.7512338793995568,0.08726226499164241,1.0452415391469434,2.780911298509796,0.8063247057164118,2.7962226389804514,0.11024851104997496,0.6962445733564576
MD_1658327520,1.119092199308199,1.7321470112011164,1.7480298737637419,0.4167416836216078,1.0546776943059202,2.7865551346250816,1.1429364464970653,2.8024379971877074,0.44058593081047404,0.7025300792196757
MD_1658327543,1.4496481245408166,1.7674627627728168,1.7823082218594986,0.7529250856534216,1.0461972505214283,2.8134226013035164,1.4719349632450687,2.828268060390198,0.7752119243576737,0.6968811811004662
MD_1658327570,1.4503299364633562,2.0247113748398013,2.0322848945183623,0.7485682956745796,1.053585421782008,3.0782354461244594,1.4616997304531556,3.0858089658030203,0.759938089664379,0.7018025068941242
MD_1658327593,1.1174622640967866,2.026708576654594,2.0353311297334247,0.4140373732057668,1.0561003705323972,3.082729612602796,1.1304069260681473,3.0913521656816267,0.42698203517712735,0.7034777363546344
MD_1658327616,0.7770970328890486,2.0273495398619423,2.0358396127753875,0.0716460939112995,1.0591393480274138,3.086412193226779,0.7898428081799623,3.0949022661402243,0.0843918692022132,0.7055020259663778
MD_1658327639,0.45528913499578366,2.010883891368622,2.022849456502338,-0.2481295529796394,1.056164496553412,3.0668956151508207,0.4732525148133599,3.078861180284537,-0.23016617316206317,0.7035204512606829
MD_1658327665,0.4428471991777151,2.2673567153235283,2.2804450402254024,-0.26094712724441427,1.0567583412123371,3.323932368683383,0.4624961291497497,3.337020693585257,-0.24129819727237967,0.7039160164058748
MD_1658327688,0.7708089302560708,2.261067814041021,2.271743600348905,0.06638893824007391,1.0576363795016317,3.31858275180373,0.7868360215097412,3.329258538111614,0.08241602949374432,0.7045008854253547
MD_1658327711,1.1144479434305083,2.261211931623645,2.2716545727407156,0.41263679181849955,1.0537150272942646,3.3148103313426787,1.1301250240019898,3.325252972459749,0.42831387238998087,0.7018888382646314
MD_1658327734,1.4392755337408425,2.283668688152461,2.2931087188855495,0.7361197027261457,1.0557122343975858,3.339285796271258,1.4534474391755672,3.3487258270043467,0.7502916081608705,0.7032191954648354
MD_1658327760,1.4294413212297292,2.5434875896132016,2.5536749167385002,0.7298026742646151,1.0504482527844197,3.593824503084698,1.4447351100673318,3.6040118302099966,0.7450964631022177,0.6997128110597473
MD_1658327784,1.0981104706147848,2.539799738135925,2.551030574930454,0.3919549257885566,1.060254514119784,3.5999201854567073,1.114970834898028,3.611151022251236,0.40881529007179984,0.7062448478990361
MD_1658327807,0.7606555536713369,2.5454542070945383,2.5570965990783736,0.056189475221207486,1.0577285427172498,3.6030383324059767,0.7781337677676727,3.614680724389812,0.07366768931754325,0.7045622761530802
MD_1658327830,0.4348366823974319,2.522785921818196,2.537499129701006,-0.27132076313691633,1.0603533871528166,3.5829092225889827,0.45692497815114785,3.5976224304717928,-0.24923246738320037,0.706310708095098
MD_1658327858,0.42250598078686386,2.785026860713856,2.8070095938447452,-0.282694333364918,1.0592006464816177,3.843713261984433,0.45550769698210614,3.8656959951153222,-0.24969261716967572,0.7055428574053285
MD_1658327881,0.7419215294393848,2.7850073866907485,2.804343550100104,0.04232832080821508,1.0506697843802777,3.8352760855779944,0.7709500662159927,3.8546122489873498,0.07135685758482307,0.6998603752022603
MD_1658327904,1.086314436110539,2.7884198774653077,2.8068321717371285,0.3840857582769244,1.0545875295480136,3.8426450910471788,1.1139560085412243,3.8610573853189996,0.41172733070760975,0.7024700196821915
MD_1658327928,1.418012357020324,2.8129025375516927,2.8302816453430286,0.7141223505025693,1.057041332968009,3.869621831256111,1.4441028517573171,3.887000939047447,0.7402128452395624,0.7041045197008664
MD_1658327954,1.4091238974493057,3.0708710148169125,3.087715060199038,0.7053735939525829,1.0568121413316947,4.127380578483475,1.4344111263835262,4.1442246238656,0.7306608228868035,0.7039518531380995
MD_1658327977,1.0828059234282192,3.071834542532021,3.0893410800689307,0.380521888047407,1.0546358449426052,4.126142861979345,1.1090877228711928,4.1436493995162555,0.4068036874903807,0.7025022029910576
MD_1658328000,0.7453428393055461,3.0700259703404083,3.0886025795109324,0.0394239552684002,1.0601320419710911,4.129791129165018,0.7732310905100395,4.148367738335542,0.06731220647289365,0.7061632681246766
MD_1658328023,0.41143057384970066,3.043786482660776,3.0670871486537585,-0.2933667348430023,1.0586594544287116,4.10186786945447,0.44641084503263234,4.125168535447452,-0.2583864636600706,0.7051823646236438
MD_1658328048,0.40123938002837817,3.315204154463032,3.3369821367714287,-0.2980410707806151,1.0503081524650775,4.365003323705176,0.43393371276522924,4.386781306013573,-0.265346738043764,0.6996194890060266
MD_1658328072,0.7405666335138814,3.3213464134297337,3.3393123343385174,0.044289067838821805,1.0456389808556992,4.366637482502217,0.767538085129455,4.384603403411,0.07126051945439538,0.6965093127708255
MD_1658328095,1.0630055207064029,3.308291552463626,3.32464381644006,0.36949662722786436,1.041423962361326,4.349426135009924,1.0875544597162505,4.365778398986358,0.3940455662377119,0.6937016519159962
MD_1658328118,1.3996201283231664,3.330253078155586,3.3455037915647265,0.6968200189263485,1.0553314620092158,4.3853361569611105,1.4225153576245775,4.400586870370251,0.7197152482277596,0.7029655596312433
MD_1658328145,1.4129260966877284,3.6234396218535343,3.634381700723333,0.7143599736006435,1.048855424508922,4.672166402116181,1.4293529613226648,4.68310848098598,0.73078683823558,0.6986518141498762
MD_1658328168,1.0363254816587328,3.613201558134496,3.6283425207801874,0.3398579869897476,1.045823248211625,4.658777759302131,1.059055946937126,4.673918721947822,0.3625884522681407,0.6966320548756934
MD_1658328191,0.710976367088792,3.607159057066925,3.623784824829236,0.007473678260629613,1.056432721830812,4.6632968876569425,0.7359359053751757,4.6799226554192535,0.032433216547013366,0.7036991184747502
MD_1658328214,0.3909666058205549,3.58721969592301,3.607812171398915,-0.3127563644331974,1.0569207468866162,4.643688225386872,0.42188118897847754,4.6642807008627765,-0.28184178127527476,0.7040241962525076
MD_1658328240,0.38545814701066977,3.8569999969514175,3.8768121369866306,-0.31542264422016447,1.0526219877808334,4.909201687304241,0.41520124668664943,4.929013827339453,-0.2856795445441848,0.701160755040622
MD_1658328263,0.7310115876595461,3.8638296972907105,3.8802711338261564,0.031173569406498514,1.0509261200041335,4.91446591816055,0.755694397533739,4.930907354695996,0.055856379280691426,0.7000311226136321
MD_1658328286,1.0597759315533946,3.8546309643332926,3.864425717170253,0.3632426332072219,1.045778372190169,4.9003059536846445,1.0744803657747113,4.910100706521606,0.3779470674285385,0.6966021625634934
MD_1658328309,1.405494555790313,3.8801605714413405,3.8897958843843643,0.7112218816972922,1.0423815833575296,4.922441784432747,1.4199596298693504,4.932077097375771,0.7256869557763296,0.6943395316758105
MD_1658328335,1.409944455819828,4.115745897298375,4.124146081465199,0.7125066579945922,1.047108816735392,5.1627787721742,1.4225552850652476,5.1711789563410235,0.7251174872400119,0.6974883833651648
MD_1658328358,1.0564650256896981,4.111751698498554,4.1231100817377255,0.35625165246683566,1.0513380174660925,5.162951423374586,1.0735168698741329,5.174309806613757,0.3733034966512703,0.7003054911322255
MD_1658328381,0.70329246906934,4.117847233949415,4.132518990097055,0.0071143333466791026,1.045373870004622,5.162989033181298,0.725318535145257,5.177660789328939,0.029140399422596164,0.6963327201034972
MD_1658328404,0.3773927001550609,4.0926567221063905,4.113588069858968,-0.32701093225341493,1.0579571465836546,5.150147099905547,0.4088160174469342,5.171078447658125,-0.2955876149615416,0.7047145511971457
MD_1658328430,0.36628774754710974,4.351800695391835,4.372065350967064,-0.34017310174601006,1.0610150279743653,5.4123794829612795,0.3967101890199736,5.432644138536509,-0.3097506602731462,0.706751432859912
MD_1658328453,0.6952372238997067,4.35413593416331,4.369295857887167,-0.005279370959297258,1.0519011731612806,5.405790872425257,0.7179961546157982,5.420950796149114,0.017479559756794327,0.7006806140890205
MD_1658328475,1.0535610229196428,4.336550858348722,4.34684036496244,0.3557908196076854,1.0476457886874297,5.384082759049462,1.0690082093560667,5.39437226566318,0.3712380060441092,0.6978460651005809
MD_1658328498,1.3865505179804993,4.354444709113179,4.3609642591975,0.68877049869237,1.0475923597196184,5.401991346109805,1.396338033496534,5.408510896194126,0.6985580142084047,0.6978104755956621
MD_1658328524,1.4162231817802604,4.5880518798702115,4.591430145074415,0.7132651522080682,1.0553323440007667,5.643372037330978,1.4212948236383296,5.646750302535181,0.7183367940661374,0.7029661471335651
MD_1658328548,1.0546476998766754,4.601265511000121,4.608790902678583,0.34982078180827997,1.0581861478983892,5.659391349055062,1.065945241404015,5.666916740733524,0.3611183233356195,0.7048670909850359
MD_1658328571,0.7043282217402314,4.624057028312028,4.636545593909908,0.0063494683299202825,1.0480127032693756,5.67190201615791,0.7230767592898126,5.68439058175579,0.02509800587950145,0.6980904701275505
MD_1658328594,0.37250603446818303,4.58595554277214,4.604893859525782,-0.3357084150277401,1.063591462291086,5.64916693366112,0.4009373014538639,5.6681052504147615,-0.30727714804205924,0.7084676183964055
MD_1658328620,0.3726101497212557,4.8412686031567596,4.858283045260219,-0.33919853202392214,1.0689124900768854,5.909875857786769,0.3981531878037099,5.926890299890228,-0.31365549394146797,0.712012001758327
MD_1658328643,0.720086833948294,4.8319266010403155,4.84194989042778,0.019473741895706054,1.0519074381476161,5.883726406320268,0.7351343601015858,5.893749695707733,0.03452126804899791,0.7006847872514665
MD_1658328666,1.0599391898887323,4.8255445416256775,4.8315786848572895,0.3530113764702837,1.0613184813965808,5.886824362021464,1.0689979853180995,5.892858505253076,0.36207017189965096,0.7069535658507768
MD_1658328690,1.3981654549788052,4.868685795338518,4.86309115542098,0.7052306572337548,1.0403066231827471,5.9089585130587885,1.389766466660392,5.9033638731412506,0.6968316689153415,0.6929573824715203
MD_1658328740,1.0492296825734602,5.123726878016755,5.130321452424245,0.34186604163945816,1.0619802564828404,6.185660987207876,1.0591298288259114,6.192255561615366,0.35176618789190944,0.7073943800504946
MD_1658328763,0.7083758438194043,5.12892790294181,5.1413045883544015,-0.007511011398251333,1.0748902423024498,6.203657541114044,0.7269564205380561,6.216034226526635,0.011069565320400432,0.7159938350399583
MD_1658328786,0.36970089632655706,5.110494415149085,5.130011425217227,-0.34446793682414295,1.0725507318825758,6.182644861901706,0.39900093028564104,6.202161871969849,-0.31516790286505897,0.7144354665929123
MD_1658328812,0.37972748896869896,5.370426066439505,5.390028837574305,-0.33997547786679455,1.0808593058172449,6.450884666148569,0.4091562722678019,6.470487437283369,-0.31054669456769163,0.7199698806950016
MD_1658328835,0.7212505224647126,5.367565026096486,5.379674160358645,0.00578152971878465,1.0742561452885544,6.441667345608275,0.7394294363381801,6.4537764798704345,0.023960443592252245,0.7155714574474388
MD_1658328858,1.0517342067336082,5.34842344786147,5.355906531611458,0.3355175116771296,1.075283497660586,6.423648260163596,1.0629682332175732,6.4311313439135835,0.3467515381610945,0.7162557858893946
MD_1658328881,1.3793615117986306,5.367147934894659,5.365971159532038,0.65846760910763,1.082247941560138,6.449394434537555,1.3775948703936929,6.448217659174935,0.6567009677026923,0.7208948631647446
MD_1658328907,1.387597218853279,5.6737694085384405,5.675457357158219,0.6687089257652497,1.0792385405893918,6.753004974166826,1.3901312623214135,6.754692922786605,0.6712429692333841,0.7188902747356953
MD_1658328930,1.0436837785249058,5.677473226309902,5.6835589146955385,0.32271351616672656,1.0823996934881268,6.759834361382797,1.0528199564405285,6.765920049768433,0.33184969408234916,0.7209959464573632
MD_1658328953,0.7089550752412843,5.686432689087443,5.6955113988198205,-0.011933618085617381,1.0823244988864211,6.768671368139764,0.7225845452540864,6.777750077872142,0.0016958519271847439,0.7209458586724613
MD_1658328976,0.36705302635550785,5.661256860771067,5.677857896478172,-0.35040258460284046,1.07737304086366,6.7383416033530095,0.3919754354886623,6.754942639060115,-0.325480175469686,0.7176476489769652
MD_1658329002,0.37032345871510897,5.933955343178756,5.94799637958661,-0.3463999505052936,1.0761919772697377,7.00994086330235,0.3914026528198661,7.023981899710204,-0.3253207564005365,0.7168609321395073
MD_1658329025,0.7097456740817323,5.931654431692415,5.940321561275923,-0.011518445778008923,1.082880465047689,7.014456722185368,0.7227572568107421,7.023123851768876,0.0014931369510010062,0.7213161926175402
MD_1658329048,1.0494091876649545,5.92186018035844,5.927460642557747,0.3286675793790103,1.082050531994235,7.003878047069122,1.0578169167204479,7.00947850926843,0.3370753084345038,0.7207633669183356
MD_1658329071,1.3956072544523654,5.944011058576332,5.946583278918023,0.673478592275163,1.0841070674923716,7.028111248653916,1.3994688163974924,7.0306834689956075,0.6773401542202899,0.7221332432836217
MD_1658329097,1.4010754863893746,6.217604878623083,6.221275460701737,0.676438196507596,1.0878802395076541,7.305471161799874,1.4065859707913728,7.309141743878527,0.6819486809095942,0.7246465863163956
MD_1658329120,1.0519798422329705,6.225948562309546,6.232633166086174,0.3326850619958026,1.0798924364217726,7.305794369323888,1.06201514564135,7.312478973100515,0.34272036540418216,0.7193258404951723
MD_1658329143,0.7227338216164563,6.225878498548151,6.233207591731183,-0.001734115403110914,1.0876676949574213,7.313490539676772,0.7337366687945015,7.320819632859805,0.009268731774934313,0.7245050085239393
MD_1658329166,0.36613618220914335,6.213774231317331,6.225735894489958,-0.3522884809316569,1.0786890229259418,7.292313769575191,0.3840937041831233,7.304275432747818,-0.33433095895767695,0.7185242361916734
MD_1658329192,0.36807822648029975,6.494625388336169,6.502564475131934,-0.3536300663350903,1.0835346607117826,7.578094496268821,0.3799968304010777,7.586033583064586,-0.3417114624143124,0.7217519580975555
MD_1658329215,0.7160123880795299,6.480153631334408,6.484497105543918,-0.007756677043849358,1.0865824210054233,7.566716486638979,0.7225330560196865,7.571059960848489,-0.001236009103692759,0.7237820980086335
MD_1658329238,1.053963206434041,6.477640564316836,6.48166197618161,0.3344243069618744,1.0802291629066794,7.557852856866131,1.0600003762561583,7.5618742687309055,0.34046147678399186,0.7195501369654533
MD_1658329261,1.4043497223614283,6.496719308133969,6.4979286657410364,0.6802282672636993,1.0870933990487661,7.583811191101037,1.4061652780655054,7.585020548708105,0.6820438229677764,0.7241224649730693
MD_1658329287,1.3990140696023694,6.760395745873681,6.762973120755964,0.6769044881099351,1.0840784502681615,7.8444672909534034,1.4028833698339378,7.8470446658356865,0.6807737883415035,0.7221141810991268
MD_1658329310,1.058983187898576,6.772748704050432,6.776431679866858,0.33612881338695944,1.0852037556703154,7.85793837432855,1.0645122784772556,7.861621350144976,0.3416579039656389,0.7228637569151222
MD_1658329333,0.7165405128415294,6.780298950022902,6.783191763977089,-0.008896537915337455,1.0890755881473555,7.869365879237043,0.7208833679611948,7.87225869319123,-0.004553682795672087,0.725442818548364
MD_1658329356,0.3742027481144994,6.769025206246203,6.775570053750134,-0.3442435839742457,1.0786168217382694,7.847597275148277,0.3840282415406271,7.854142122652208,-0.334418090548118,0.7184761423461611
MD_1658329383,0.3733602861035439,7.038810586920394,7.049335936530749,-0.34682014771508185,1.0812908605064473,8.11998598693705,0.38916153332009384,8.130511336547404,-0.3310189004985319,0.7202573430653826
MD_1658329406,0.7154406240073958,7.030575897602265,7.038218148790189,-0.005517822297170072,1.082404201950731,8.112919293750451,0.7269136016073561,8.120561544938376,0.005955155302790172,0.7209989495839179
MD_1658329429,1.0578095647334607,7.025792531384911,7.034229110349314,0.3367257394542193,1.0826057116750445,8.108324153506386,1.0704750318973568,8.116760732470787,0.34939120661811546,0.7211331769818707
MD_1658329452,1.3976977302168478,7.043902648095341,7.051686161076857,0.6753192854517307,1.0845381281962434,8.128377825852018,1.409382777971762,8.136161338833535,0.6870043332066449,0.7224203766060332
MD_1658329478,1.4010571589938003,7.317711585719489,7.323328366233936,0.6797762514928947,1.0828603243937487,8.40053907876419,1.4094893860223976,8.406155859278638,0.6882084785214919,0.7213027767509824
MD_1658329501,1.0590471924757558,7.324953501452456,7.330748669886029,0.33803029181641997,1.0824661137788851,8.407384652567917,1.0677472254884697,8.41317982100149,0.3467303248291339,0.7210401895966465
MD_1658329524,0.7171380764077995,7.333046185017951,7.337991407166984,-0.003929367806457806,1.0825324874275597,8.41555321496272,0.7245621222219892,8.420498437111755,0.003494678007731955,0.7210844016672281
MD_1658329547,0.37589436066408255,7.315036829659628,7.3227595220566215,-0.34290965270701446,1.0791713188383152,8.394145869833574,0.3874881011344422,8.401868562230566,-0.3313159122366548,0.7188454977366519
MD_1658329573,0.37872993066699806,7.585138344359649,7.590280727231404,-0.33964263042304915,1.0784889508386744,8.663599664086542,0.386449965254621,8.668742046958297,-0.3319225958354262,0.718390966416389
MD_1658329596,0.719096265648992,7.575387567947388,7.578150176069392,0.0002457676823253152,1.0791867948210576,8.65456639341242,0.7232436484452172,8.657329001534425,0.004393150478550489,0.718855806424738
MD_1658329619,1.0617440106483413,7.568966533011189,7.573099925425924,0.34287145948653064,1.0792297724606987,8.648178465973956,1.0679492919744842,8.652311858388693,0.3490767408126737,0.7188844342081306
MD_1658329642,1.3985223171283798,7.586647470374714,7.5902080970669585,0.6784235626268601,1.0810659939109868,8.667700248803504,1.403867730315857,8.671260875495747,0.6837689758143375,0.7201075574503308
MD_1658329669,1.3960353676876236,7.861416545846264,7.869369568563933,0.6769867506242813,1.0795422794234977,8.94089279884965,1.4079748929986962,8.948845821567318,0.6889262759353538,0.7190925978419281
MD_1658329692,1.0566144478042756,7.869854673427742,7.8779446330920955,0.3379265415447027,1.0790030875689751,8.948789407071196,1.0687595505667167,8.95687936673555,0.35007164430714377,0.7187334374099617
MD_1658329715,0.7183370636120368,7.878595768351349,7.885283138514541,0.0001435012827693538,1.07823933627586,8.956788365064256,0.728376520075624,8.96347573522745,0.010182957746356636,0.7182246959628322
MD_1658329738,0.3811814234786125,7.856779019952654,7.8659694588299445,-0.33566709694646824,1.0762617847921538,8.932952364058146,0.3949786275720314,8.942142802935436,-0.32186989285304934,0.7169074315435603
MD_1658329764,0.3910310362206194,8.123827457741648,8.132856350074492,-0.32436181240740125,1.0740735403215365,9.197815465418136,0.40458571754944994,9.206844357750981,-0.3108071310785707,0.7154498226744292
MD_1658329787,0.7224025599690557,8.115047437103096,8.121912032871766,0.006875008575419117,1.0742396642153254,9.189237668152586,0.732708077486092,9.196102263921256,0.01718052609245546,0.7155604792597481
MD_1658329810,1.0603799943396859,8.108090178331295,8.116274213765877,0.3445241360189043,1.0747533334659842,9.182773282217394,1.0726663289431078,9.190957317651975,0.35681047062232607,0.7159026388610238
MD_1658329833,1.3935104140078112,8.125201973656045,8.133474970869447,0.6756618218056203,1.0777462735793224,9.20287668179878,1.4059303030404942,9.211149679012182,0.6880817108383034,0.7178962625683185
MD_1658329861,1.3941942316950022,8.402701346594093,8.404232244225774,0.6776802901127057,1.0756735107451267,9.478372402110228,1.3964925013807548,9.47990329974191,0.6799785597984582,0.7165155770319004
MD_1658329884,1.062476682018998,8.413331179046827,8.41449155569295,0.3466572775848059,1.0746297892089984,9.4879595563067,1.0642187047477867,9.489119932952823,0.3483993003135947,0.7158203449459103
MD_1658329907,0.7252325610796866,8.42601092405012,8.425813306942102,0.009855301932657212,1.073964644847096,9.499975527920347,0.7249358871549609,9.499777910812329,0.009558628007931669,0.7153772864420824
MD_1658329930,0.3948591443632372,8.41043935944666,8.412085519974063,-0.3186919473161133,1.0712259091362286,9.48166241793513,0.3973304531952063,9.483308578462534,-0.31622063848414417,0.7135529905208686
MD_1658329956,0.39101645063244184,8.676776357099463,8.680164619495487,-0.32070575199049056,1.0684895351240515,9.74525378440399,0.39610310083752664,9.748642046800015,-0.31561910178540575,0.7117302677479038
MD_1658329979,0.7251719242609762,8.6669301665494,8.66835828013892,0.012463483693796129,1.069960171231742,9.736888189762693,0.7273158887578043,9.738316303352212,0.014607448190624206,0.7127098713811436
MD_1658330002,1.0619573685843136,8.655606700065912,8.658854085445974,0.34859801009701497,1.070946314224119,9.72654191789546,1.066832526284281,9.729789303275522,0.35347316779698246,0.7133667498932207
MD_1658330051,1.4035029675149346,8.938974600544427,8.941547711965338,0.6894340607896952,1.0720073914385693,10.010975032123145,1.4073658671983391,10.013548143544057,0.6932969604730996,0.7140735427490387
MD_1658330074,1.064267426455265,8.951015003724574,8.953082292333997,0.3507671579988272,1.0711512558649503,10.022161763530407,1.06737095646564,10.02422905213983,0.3538706880092023,0.7135032633209208
MD_1658330096,0.7283149232661981,8.96178220933918,8.962360905582988,0.015178741408192864,1.0706005250084996,10.03238238185214,0.7291836946372431,10.032961078095948,0.016047512779237882,0.7131364166583813
MD_1658330119,0.3963311973087474,8.948678519946428,8.951202466746036,-0.31474086714110544,1.0675081279471508,10.016179923234837,0.4001202882955968,10.018703870034445,-0.310951776154256,0.7110765438041272
MD_1658330145,0.39821105657846223,9.21149182052364,9.21397003293348,-0.3113498533796437,1.0652392700859306,10.27672459363914,0.40193148852539484,10.279202806048978,-0.3076294214327111,0.7095652376471973
MD_1658330169,0.7308261672188012,9.200401210761243,9.20072885571938,0.020393719931899257,1.0665412874298916,10.266942384766075,0.731318046270276,10.267270029724212,0.020885598983373888,0.7104325228403295
MD_1658330215,1.4022954691292129,9.202036161580573,9.204509198789214,0.6899231903954488,1.0694598024800814,10.27148951972988,1.4060081317728412,10.273962556938521,0.693635853039077,0.712376571359117
MD_1658330241,1.4034091801736266,9.467111497625584,9.46893883591184,0.6920210102919404,1.0679794819003483,10.535087456179122,1.4061524832541246,10.536914794465378,0.6947643133724384,0.7113905168139558
MD_1658330263,1.0672730086736868,9.478523962432154,9.480281084145476,0.35640622215782747,1.0671964886660592,10.545717190932722,1.0699108986830073,10.547474312646044,0.35904411216714793,0.710868958140739
MD_1658330286,0.7312087208888396,9.489681789320887,9.490281043832068,0.020630179042467167,1.066760878725736,10.556442288700806,0.7321083554879122,10.557041543211987,0.021529813641539775,0.7105787945319548
MD_1658330309,0.40221987535355996,9.477214568862873,9.479419131944923,-0.3062291382079483,1.063568681108786,10.540778100528705,0.4055294895282465,10.542982663610754,-0.3029195240332617,0.708452443650706
MD_1658330335,0.40562860595423245,9.743752793741283,9.745203228971969,-0.30186053314013184,1.062124746129151,10.805875307833952,0.40780608095507276,10.807325743064638,-0.2996830581392915,0.7074906258734762
MD_1658330358,0.7366268304004502,9.73229717164244,9.731577851828002,0.02846309565908578,1.0631358034926808,10.795432426687578,0.7355469470106846,10.79471310687314,0.027383212269320167,0.7081641000670911
MD_1658330382,1.0720095365692746,9.721420737495297,9.722192864742443,0.36374322339962284,1.063289883393148,10.784709989050238,1.0731686974490957,10.785482116297384,0.3649023842794439,0.7082667340426324
MD_1658330404,1.4042673499149714,9.733968795777828,9.734679688617007,0.6944592923410517,1.0656043394577213,10.799572600804002,1.405334582255193,10.80028349364318,0.6955265246812734,0.7098084135634696
MD_1658330430,1.4055174840650428,9.996650932217246,9.996767967278899,0.6965714704494042,1.0643096706214807,11.0609605883362,1.4056931836864928,11.061077623397853,0.6967471700708541,0.7089460232758985
MD_1658330453,1.0686640797512936,10.008607509986726,10.009073786180359,0.3599348760492466,1.063984399140906,11.07259167886103,1.0693640798158548,11.073057955054663,0.3606348761138078,0.7087293570846537
MD_1658330476,0.7363922680331128,10.02095170544337,10.02007058486236,0.028143461638217404,1.0632637922282273,11.084214674842741,0.7350694802261963,11.083333554261731,0.02682067383130099,0.708249354488426
MD_1658330499,0.4094567867374036,10.006003254207439,10.007213774893083,-0.29731006721511455,1.0610397352845804,11.067041433193944,0.4112740885204993,11.068251953879589,-0.29549276543201886,0.7067678906163398
MD_1658330526,0.41020790225789533,10.27166859604281,10.277781497516116,-0.29554730041307314,1.059559173848403,11.331188027188297,0.4193849339923182,11.337300928661604,-0.2863702686786503,0.7057816756345847
MD_1658330549,0.7358154115347524,10.262890262008174,10.266664544210133,0.02965254126498923,1.0601465867711128,11.323021706697077,0.741481576398247,11.326795988899036,0.03531870612848381,0.7061729565437707
MD_1658330572,1.0700272856350668,10.255635289242813,10.260542923521797,0.3636447125078274,1.060486868149371,11.316096564226545,1.0773949024232414,11.321004198505529,0.37101232929600203,0.7063996209597484
MD_1658330596,1.4022481576888914,10.270654015262446,10.275731701948546,0.6944376832634026,1.0626322630155385,11.333258936039405,1.4098710667214167,11.338336622725505,0.7020605922959278,0.7078286873308525
MD_1658330621,1.406122264991703,10.519987065153492,10.52643200080913,0.6985018460454158,1.0623636596226542,11.582306663948483,1.4157977651279925,11.588751599604121,0.7081773461817054,0.7076497682507388
MD_1658330644,1.0743634917549307,10.526640241219953,10.533359829254675,0.36673923350939086,1.0623732583895669,11.588965603787063,1.0844513155005224,11.595685191821785,0.37682705725498256,0.7076561620737198
MD_1658330667,0.7411359278835833,10.533944583388765,10.539571493474094,0.03320487201033051,1.0628195156408475,11.5967305278216,0.7495833619940963,11.60235743790693,0.041652306120843474,0.7079534179498866
MD_1658330690,0.41468473823755586,10.522593421896286,10.529924523964812,-0.2918572948989476,1.0607577623757423,11.583294087220558,0.42569060126756636,11.590625189289085,-0.2808514318689371,0.7065800659841764
MD_1658330716,0.41086396789022245,10.783981260854894,10.790835894830568,-0.2959334502922674,1.0611339623119245,11.845065324583633,0.4211545302029501,11.851919958559307,-0.2856428879795398,0.7068306560671898
MD_1658330739,0.7401961511799153,10.778021183546025,10.782684738883033,0.034115679559340306,1.0600308638564029,11.838028926745254,0.7471973429232861,11.842692482082262,0.04111687130271119,0.7060958724934702
MD_1658330762,1.0745090005212443,10.772536230019757,10.778028411910576,0.3694273699605766,1.0585403388817136,11.831044456803674,1.0827541730834682,11.836536638694493,0.3776725425228005,0.7051030207111665
MD_1658330785,1.4058927128314185,10.78695924682806,10.791915401656846,0.6995831978371512,1.0603777004299841,11.84731084283076,1.41333317139976,11.852266997659546,0.7070236564054926,0.7063269033826505
MD_1658330811,1.4076567528070643,11.047554150166459,11.052195679459427,0.7019073205535971,1.0595336817893612,12.107064918436425,1.4146248778134647,12.111706447729393,0.7088754455599975,0.7057646951500682
MD_1658330834,1.0779237557023826,11.054345931213527,11.059708565733471,0.3718394910764361,1.0600440090918237,12.114359368685898,1.0859744444603385,12.119722003205842,0.379890179834392,0.706104628650286
MD_1658330857,0.7462486743762176,11.064390398637272,11.068991391134302,0.040330943160483856,1.059785937817384,12.124153826781496,0.7531559432630908,12.128754819278527,0.047238212047357064,0.7059327251068097
MD_1658330880,0.4132651588792159,11.049294948827665,11.056400391394503,-0.2914397334471702,1.05799642217909,12.10723759497092,0.4239322491648576,12.114343037537758,-0.2807726431615285,0.7047407130163647
MD_1658330906,0.41364326312615507,11.309623557930443,11.316802265252376,-0.2909250085549733,1.0577924448863558,12.367361101471834,0.4244203425855885,12.374539808793767,-0.28014792909553987,0.7046048419494052
MD_1658330929,0.749220508278271,11.300573022403995,11.304853844227067,0.04439226866628171,1.0581473380770778,12.358700844434557,0.7556471189297391,12.362981666257628,0.05081887931774981,0.7048412394220536
MD_1658330952,1.0815347731966192,11.294091304428886,11.299240580418486,0.37707897082382247,1.057596950834325,12.351660002714679,1.089265156120707,12.35680927870428,0.38480935374791037,0.7044746216436173
MD_1658331001,1.4071342688239161,11.571121840361178,11.575831338665239,0.7016639258006773,1.059115382643273,12.63021362417119,1.414204432735164,12.634923122475252,0.7087340897119253,0.7054860624134272
MD_1658331024,1.078434470031655,11.577256973443335,11.582800018401892,0.3727070776741547,1.0595103604309697,12.636734654181039,1.0867560010938107,12.642277699139596,0.3810286087363105,0.705749160588328
MD_1658331047,0.7451238967029334,11.58659756582475,11.591333230827145,0.03898295341624697,1.0601223658038479,12.646696092492578,0.7522333435344168,12.651431757494972,0.04609240024773037,0.7061568227446552
MD_1658331070,0.4150474425372417,11.570171964808216,11.577735310862407,-0.289605317006149,1.0579253162374567,12.628036346283531,0.42640196330955005,12.635599692337722,-0.27825079623384064,0.7046933487238624
MD_1658331096,0.4150552986361045,11.830775999423592,11.837377542975288,-0.2891548457408058,1.0572463546327562,12.887975902099983,0.42496590736006906,12.894577445651679,-0.27924423701684126,0.7042410864331999
MD_1658331119,0.7473437320632013,11.820756240716506,11.824311370248381,0.04288469057534483,1.057587028223819,12.87832980174413,0.752680892604146,12.881884931276005,0.048221851116289516,0.7044680121055731
MD_1658331141,1.0838172905431465,11.813787941029771,11.81790246532049,0.37975183715509264,1.0570007331800895,12.87077062545028,1.08999424597959,12.874885149740999,0.385928792591536,0.7040774758253985
MD_1658331190,1.4141703093696711,12.086239557466982,12.089020671187928,0.7095010043586436,1.0578974594775028,13.144128777929517,1.41834547381255,13.146909891650463,0.7136761688015226,0.7046747930912907
MD_1658331214,1.0801247204077846,12.096375670330115,12.100144348506067,0.3751691842956316,1.05833404970684,13.154694597031149,1.0857824721920362,13.158463275207101,0.38082693607988305,0.7049656096792006
MD_1658331237,0.7463028762203225,12.107045843078378,12.110438117767897,0.04063152435152334,1.059405790178465,13.166439392680408,0.7513955499062193,13.169831667369927,0.04572419803742006,0.7056795054243165
MD_1658331260,0.4178249676883125,12.092841838332001,12.09894279964272,-0.2860695500526906,1.0567657584499492,13.149567904538658,0.4269840741786484,13.155668865849377,-0.27691044356235467,0.7039209570930206
MD_1658331287,0.41510586830261814,12.353947169484337,12.36531846821494,-0.2890568742673871,1.0572665703746644,13.411075909900362,0.432177101949692,13.422447208630965,-0.2719856406203132,0.7042545523165129
MD_1658331310,0.7477249772151715,12.346398497887337,12.354551825203528,0.043475567228965895,1.0573297026537807,13.403657348306327,0.75996521106297,13.411810675622517,0.05571580107676438,0.7042966052823509
MD_1658331333,1.0798536324893282,12.34029306247152,12.349061383752527,0.37637567196819655,1.0561827404026185,13.39639376953528,1.0930171298898332,13.405162090816287,0.3895391693687016,0.7035326036489409
MD_1658331356,1.4122912118046023,12.359849752377025,12.3679570707046,0.7078119398832268,1.0576739641197526,13.417453684470045,1.424462374369241,13.42556100279762,0.7199831024478656,0.7045259208697263
MD_1658331383,1.4181018195428226,12.629543596557316,12.63203706185724,0.7136296678138143,1.0575998675609288,13.68713683941682,1.421845149986804,13.689630304716744,0.7173729982577955,0.7044765645008363
MD_1658331406,1.081535267835475,12.63703460941836,12.64073329139605,0.3765794097946246,1.0583339764548587,13.695354019416872,1.0870879373874083,13.699052701394562,0.38213207934655796,0.7049655608854121
MD_1658331429,0.7483191643500744,12.647423337997246,12.650576832600944,0.042911695334848565,1.0590079757872868,13.706420731807793,0.7530533679322591,13.70957422641149,0.04764589891703336,0.7054145177629124
MD_1658331452,0.41913253059003147,12.633084273479735,12.639089638257886,-0.28457360451749864,1.0564817240178146,13.689527529074581,0.42814812218536974,13.695532893852732,-0.27555801292216037,0.7037317592620757
MD_1658331478,0.4209413977338885,12.884898897069597,12.892735179065365,-0.28344242985703594,1.057526082505597,13.942359542762002,0.43270566530291166,13.95019582475777,-0.2716781622880128,0.7044274156271592
MD_1658331501,0.7522296671040516,12.875727715753685,12.880419092141453,0.04762763091343947,1.0578116791514336,13.933515948477028,0.7592726253746327,13.938207324864797,0.05467058918402057,0.7046176540623775
MD_1658331524,1.0864193117395955,12.868331339735976,12.873432735647924,0.3823567398252096,1.0570061036676608,13.92530969832604,1.0940778143963508,13.930411094237988,0.390015242481965,0.7040810531543582
MD_1658331548,1.4194316861984517,12.886197329173967,12.890300606690458,0.7149898847219816,1.057565619987634,13.943745008526205,1.4255917573444408,13.947848286042696,0.7211499558679706,0.7044537518913445
MD_1658331574,1.415483479581814,13.15141752574943,13.153296898100747,0.7114808924686711,1.056892071988475,14.20830583177984,1.4183048991293308,14.210185204131157,0.7143023120161878,0.7040050956509004
MD_1658331597,1.080708683516796,13.160837325270794,13.163761897619553,0.3759500952927835,1.0580323672152194,14.218860582717648,1.0850992161258002,14.221785155066407,0.3803406279017875,0.7047646563207653
MD_1658331619,0.7446549796103497,13.171264525835474,13.174043215693276,0.039773201056490626,1.0582164198841446,14.229472723538818,0.7488265052134574,14.23225141339662,0.043944726659598365,0.7048872554207356
MD_1658331642,0.4184586946231859,13.155803523881069,13.161421911872415,-0.284890390526963,1.0559409197322351,14.21171075598462,0.4268933348865746,14.217329143975967,-0.27645575026357433,0.7033715247756144
MD_1658331668,0.41628618203495227,13.419425134566325,13.424816703866604,-0.28604853598503965,1.054415474462086,14.473809541644076,0.42438030931363935,14.479201110944356,-0.2779544087063526,0.702355412277674
MD_1658331692,0.7485232812569547,13.407684025579552,13.410007164609304,0.04532124215864114,1.0556922392423498,14.463370503874131,0.7520109083179507,14.465693642903883,0.048808869219637174,0.7032058765162431
MD_1658331715,1.0824326731791345,13.40037489839651,13.402920605727305,0.37960248911550243,1.055135149924411,14.455503126984501,1.0862544323001142,14.458048834315296,0.38342424823648213,0.702834794426637
MD_1658331738,1.4113391837928468,13.414863537071222,13.41689956271145,0.7077216203342878,1.056314709206949,14.471173823921696,1.4143957800743445,14.473209849561924,0.7107782166157854,0.7036205092290638
MD_1658331764,1.4128016054981536,13.677227325838471,13.678053685200018,0.7096635435924463,1.0555911611230107,14.732817757970784,1.4140421826803744,14.73364411733233,0.7109041207746671,0.7031385474928171
MD_1658331786,1.0787911475480703,13.686223138898546,13.688209280349085,0.3752614807135228,1.0561825403266683,14.74240147039011,1.081772854876455,14.744387611840649,0.37824318804190754,0.7035324703765924
MD_1658331809,0.7471293186374712,13.698353783143153,13.699956570069384,0.04381985939138405,1.0558504852259583,14.754201526609327,0.7495355125782326,14.755804313535558,0.04622605333214541,0.7033112855563706
MD_1658331832,0.4174032553181377,13.684313550404921,13.688949965464039,-0.2841913107866675,1.053296247812274,14.737586799770805,0.4243637025488479,14.742223214829922,-0.2772308635559573,0.7016098855720252
MD_1658331860,0.4132508041571958,13.951689918489725,13.963192284684872,-0.2886659498870014,1.0538984125834379,15.005446854523413,0.4305188036587027,15.01694922071856,-0.27139795038549447,0.7020109928170849
MD_1658331883,0.7442759362125776,13.944433584523821,13.952495524691154,0.04222887820075916,1.0540220458645178,14.998386140207392,0.7563789745291125,15.006448080374724,0.05433191651729408,0.7020933460319299
MD_1658331906,1.0787167685448926,13.940966070150177,13.949288448844769,0.3769790257180827,1.0535622792164767,14.994454264469319,1.0912107918363965,15.00277664316391,0.38947304900958657,0.701787091427879
MD_1658331929,1.407111865436668,13.958853057606216,13.966051114373016,0.704796264948377,1.0544110814976664,15.013208764369416,1.417917993371752,15.020406821136216,0.715602392883461,0.7023524860854748
MD_1658331955,1.4018309613787865,14.2132599106806,14.22111295886784,0.7002660267857967,1.0532947460239241,15.266488675553243,1.413620399298074,15.274341723740482,0.7120554647050843,0.7016088852176097
MD_1658331979,1.0712724306467794,14.218885752026289,14.227613704442401,0.36950354292784654,1.0536164284685186,15.272420702810365,1.0843753240352876,15.281148655226477,0.38260643631635477,0.7018231607204525
MD_1658332002,0.7395483436654131,14.223975426638967,14.232738154588354,0.03792475590394928,1.053398963546629,15.277292244949205,0.7527034440416903,15.286054972898592,0.05107985628022649,0.7016783054252023
MD_1658332025,0.4100646391450425,14.206794631914022,14.218898188919953,-0.2906106361655168,1.0520500867400353,15.258687790200602,0.4282351801275644,15.270791347206533,-0.2724400951829949,0.7007798067322745
MD_1658332051,0.4039595951170628,14.461077984299092,14.47295891331298,-0.2948674518658757,1.0492701027524454,15.510196478199358,0.4217959144281114,15.522077407213246,-0.27703113255482714,0.6989280349715035
MD_1658332074,0.7384300675887088,14.456054306985893,14.464024164046076,0.03662524144696605,1.0536568388760137,15.509643210552955,0.7503948655622255,15.517613067613139,0.048590039420482734,0.7018500784479557
MD_1658332097,1.0705637769511225,14.45531671765698,14.462821809815525,0.3709353558974392,1.0503819923657494,15.50563827941471,1.0818308436966744,15.513143371573253,0.3822024226429913,0.6996686744126666
MD_1658332120,1.4014120284188496,14.471425584483788,14.477879495078298,0.7003231086489775,1.0525587398614011,15.52393972911318,1.4111010022384987,15.530393639707691,0.7100120824686266,0.7011186250457535
MD_1658332148,1.4083243442760889,14.745561245549332,14.74302365640075,0.7063526937736213,1.0538462353606428,15.799400595235825,1.4045147726271472,15.796863006087243,0.7025431221246796,0.7019762371105203
MD_1658332171,1.0814576706016792,14.753480687407349,14.751751930879461,0.3789928130361086,1.0545829733904184,15.808060467295359,1.0788623640051633,15.806331710767472,0.37639750643959285,0.7024669847855841
MD_1658332217,0.40906182955056153,14.752295236953692,14.755203045026628,-0.28871598058176656,1.0475524162116912,15.799838557441296,0.413427194685182,15.802746365514231,-0.28435061544714607,0.6977838688740636
MD_1658332245,0.40358929603520627,15.018838972289744,15.02630586659023,-0.29538825305164224,1.0494043088828178,16.068183408418868,0.41479901800641367,16.075650302719357,-0.28417853108043484,0.6990174308541615
MD_1658332268,0.7304756404614142,14.998270719496436,15.00182273332633,0.029233079250247207,1.0527583050724345,16.051015519304656,0.7358081235351893,16.054567533134552,0.0345655623240223,0.7012515571863246
MD_1658332314,1.40352525259861,15.018660731479276,15.020863807550162,0.7046554176420734,1.0491879425991435,16.067843461093673,1.406832634388446,16.07004653716456,0.7079627994319095,0.6988733073714797
MD_1658332386,0.7283200520309181,15.310353154602105,15.316020122377513,0.029044086541161585,1.0498269079550901,16.36014559023057,0.7368276230002813,16.365812558005977,0.03755165751052475,0.6992989278094158
MD_1658332409,0.421937401228526,15.287290369813109,15.295169297321344,-0.27562204545935226,1.0472822990744282,16.3345058708081,0.4337656906410153,16.34238479831634,-0.263793756046863,0.6976039414755187
MD_1658332435,0.5999410652112821,15.562920862594044,15.567899344670462,-0.09205270945654431,1.0388868859697244,16.601780863508683,0.6074150427003773,16.6067593455851,-0.08457873196744914,0.6920116830392473